"Id","letter_no_in_edition","Source","sender_inferred","sender_uncertain","Target","recipient_inferred","recipient_uncertain","Label","send_date_year1","send_date_computable1","send_date_has_range","send_date_year2","send_date_computable2","send_date_inferred","send_date_approx","send_date_uncertain","source_loc_id","source_loc_inferred","source_loc_uncertain","target_loc_id","target_loc_inferred","target_loc_uncertain","letter_language","letter_type_genus","letter_type_x_to_x"
"era_cwe_1179","1179 [CWE] // 1179 [ALLEN]","erasmus_desiderius_viaf_95982394",0,0,"schiner_matthäus_viaf_184814357",0,0,"1179 To Matthäus Schiner Louvain, 6 January [1521] [CWE]",1521,"1521-01-06",0,1521,"1521-01-06",1,0,0,"leuven_BE_gid_2792482",0,0,"worms_DE_gid_2806142",1,0,"latin","familiar letter","letter_1_to_1"
"era_cwe_1180","1180 [CWE] // 1180 [ALLEN]","leo_x_pope_viaf_316407579",0,0,"erasmus_desiderius_viaf_95982394",0,0,"1180 From Leo X Rome, 15 January 1521 [CWE]",1521,"1521-01-15",0,1521,"1521-01-15",0,0,0,"rome_IT_gid_3169070",0,0,"leuven_BE_gid_2792482",1,0,"latin","familiar letter","letter_1_to_1"
"era_cwe_1181","1181 [CWE] // 1181 [ALLEN]","erasmus_desiderius_viaf_95982394",0,0,"gigli_silvestro_viaf_unknown",0,0,"1181 To Silvestro Gigli Louvain, 17 January 1521 [CWE]",1521,"1521-01-17",0,1521,"1521-01-17",0,0,0,"leuven_BE_gid_2792482",0,0,"rome_IT_gid_3169070",1,0,"latin","dedicatory letter","letter_1_to_1"
"era_cwe_1182","1182 [CWE] // 1182 [ALLEN]","erasmus_desiderius_viaf_95982394",0,0,"pirckheimer_willibald_viaf_27173507",0,0,"1182 To Willibald Pirckheimer Louvain, 26 January [1521] [CWE]",1521,"1521-01-26",0,1521,"1521-01-26",1,0,0,"leuven_BE_gid_2792482",0,0,"nürnberg_DE_gid_2861650",1,0,"latin","familiar letter","letter_1_to_1"
"era_cwe_1183","1183 [CWE] // 1183 [ALLEN]","erasmus_desiderius_viaf_95982394",0,0,"boskovice_arkleb_of_viaf_unknown",1,0,"1183 To [Arkleb of Boskovice] Louvain, 28 January 1521 [CWE]",1521,"1521-01-28",0,1521,"1521-01-28",0,0,0,"leuven_BE_gid_2792482",0,0,"znojmo_CZ_gid_3061344",1,0,"latin","familiar letter","letter_1_to_1"
"era_cwe_1184","1184 [CWE] // 1184 [ALLEN]","erasmus_desiderius_viaf_95982394",0,0,"budé_guillaume_viaf_105878228",0,0,"1184 To Guillaume Budé Louvain, 16 February 1521 [CWE]",1521,"1521-02-16",0,1521,"1521-02-16",0,0,0,"leuven_BE_gid_2792482",0,0,"paris_FR_gid_2988507",1,0,"latin","familiar letter","letter_1_to_1"
"era_cwe_1185","1185 [CWE] // 1185 [ALLEN]","erasmus_desiderius_viaf_95982394",0,0,"béraud_nicolas_viaf_9955323",0,0,"1185 To Nicolas Bérault Louvain, 16 February 1521 [CWE]",1521,"1521-02-16",0,1521,"1521-02-16",0,0,0,"leuven_BE_gid_2792482",0,0,"paris_FR_gid_2988507",1,0,"latin","familiar letter","letter_1_to_1"
"era_cwe_1186","1186 [CWE] // 1186 [ALLEN]","erasmus_desiderius_viaf_95982394",0,0,"everardi_nicolaus_viaf_113330335",0,0,"1186 To Nicolaas Everaerts Louvain, 25 February 1521 [CWE]",1521,"1521-02-25",0,1521,"1521-02-25",0,0,0,"leuven_BE_gid_2792482",0,0,"mechelen_BE_gid_2791537",1,0,"latin","familiar letter","letter_1_to_1"
"era_cwe_1187","1187 [CWE] // 1187 [ALLEN]","erasmus_desiderius_viaf_95982394",0,0,"bartolini_lorenzo_di_bartolomeo_viaf_38444988",0,0,"1187 To Lorenzo Bartolini Louvain, 1 March 1521 [CWE]",1521,"1521-03-01",0,1521,"1521-03-01",0,0,0,"leuven_BE_gid_2792482",0,0,"perugia_IT_gid_3171180",1,0,"latin","familiar letter","letter_1_to_1"
"era_cwe_1188","1188 [CWE] // 1188 [ALLEN]","erasmus_desiderius_viaf_95982394",0,0,"everardi_nicolaus_viaf_113330335",0,0,"1188 To Nicolaas Everaerts Mechelen, [c March 1521] [CWE]",1521,"1521-03-01",1,1521,"1521-03-31",1,1,0,"mechelen_BE_gid_2791537",0,0,"mechelen_BE_gid_2791537",1,0,"latin","familiar letter","letter_1_to_1"
"era_cwe_1189","1189 [CWE] // 1189 [ALLEN]","erasmus_desiderius_viaf_95982394",0,0,"lipsius_martin_viaf_17616612",0,0,"1189 To Maarten Lips [Louvain, March 1521] [CWE]",1521,"1521-03-01",1,1521,"1521-03-31",1,0,0,"leuven_BE_gid_2792482",1,0,"leuven_BE_gid_2792482",1,0,"latin","familiar letter","letter_1_to_1"
"era_cwe_1190","1190 [CWE] // 1190 [ALLEN]","erasmus_desiderius_viaf_95982394",0,0,"lipsius_martin_viaf_17616612",0,0,"1190 To Maarten Lips [Louvain, c March 1521] [CWE]",1521,"1521-03-01",1,1521,"1521-03-31",1,1,0,"leuven_BE_gid_2792482",1,0,"leuven_BE_gid_2792482",1,0,"latin","familiar letter","letter_1_to_1"
"era_cwe_1191","1191 [CWE] // 1191 [ALLEN]","erasmus_desiderius_viaf_95982394",0,0,"flandern_louis_de_viaf_57769275",0,0,"1191 To Louis of Flanders Louvain, [January-May] 1521 [CWE]",1521,"1521-01-01",1,1521,"1521-05-31",1,0,0,"leuven_BE_gid_2792482",0,0,"gent_BE_gid_2797656",1,0,"latin","familiar letter","letter_1_to_1"
"era_cwe_1192","1192 [CWE] // 1192 [ALLEN]","erasmus_desiderius_viaf_95982394",0,0,"schweiß_alexander_von_viaf_89934990",0,0,"1192 To Alexander Schweiss Louvain, 13 March [1521] [CWE]",1521,"1521-03-13",0,1521,"1521-03-13",1,0,0,"leuven_BE_gid_2792482",0,0,"worms_DE_gid_2806142",1,0,"latin","familiar letter","letter_1_to_1"
"era_cwe_1192a","1192A [CWE] // 1192A [ALLEN]","erasmus_desiderius_viaf_95982394",0,0,"spalatin_georg_viaf_240011410",0,0,"1192A To Georgius Spalatinus Louvain, 13 March 1521 [CWE]",1521,"1521-03-13",0,1521,"1521-03-13",0,0,0,"leuven_BE_gid_2792482",0,0,"worms_DE_gid_2806142",1,0,"latin","familiar letter","letter_1_to_1"
"era_cwe_1195","1195 [CWE] // 1195 [ALLEN]","erasmus_desiderius_viaf_95982394",0,0,"marliano_luigi_viaf_160695839",0,0,"1195 To Luigi Marliano Louvain, 25 March [1521] [CWE]",1521,"1521-03-25",0,1521,"1521-03-25",1,0,0,"leuven_BE_gid_2792482",0,0,"worms_DE_gid_2806142",1,0,"latin","familiar letter","letter_1_to_1"
"era_cwe_1196","1196 [CWE] // 1196 [ALLEN]","erasmus_desiderius_viaf_95982394",0,0,"theoderici_vincentius_viaf_unknown",1,0,"1196 [To Vincentius Theoderici] [Louvain, c middle of March 1521] [CWE]",1521,"1521-03-10",1,1521,"1521-03-20",1,1,0,"leuven_BE_gid_2792482",1,0,"leuven_BE_gid_2792482",1,0,"latin","familiar letter","letter_1_to_1"
"era_cwe_1197","1197 [CWE] // 1197 [ALLEN]","gattinara_mercurino_marchese_di_viaf_9855777",0,0,"erasmus_desiderius_viaf_95982394",0,0,"1197 From Mercurino Gattinara Worms, 7 April 1521 [CWE]",1521,"1521-04-07",0,1521,"1521-04-07",0,0,0,"worms_DE_gid_2806142",0,0,"leuven_BE_gid_2792482",1,0,"latin","familiar letter","letter_1_to_1"
"era_cwe_1198","1198 [CWE] // 1198 [ALLEN]","marliano_luigi_viaf_160695839",0,0,"erasmus_desiderius_viaf_95982394",0,0,"1198 From Luigi Marliano Worms, 7 April 1521 [CWE]",1521,"1521-04-07",0,1521,"1521-04-07",0,0,0,"worms_DE_gid_2806142",0,0,"leuven_BE_gid_2792482",1,0,"latin","familiar letter","letter_1_to_1"
"era_cwe_1199","1199 [CWE] // 1199 [ALLEN]","erasmus_desiderius_viaf_95982394",0,0,"marliano_luigi_viaf_160695839",0,0,"1199 To Luigi Marliano Antwerp, 15 April 1521 [CWE]",1521,"1521-04-15",0,1521,"1521-04-15",0,0,0,"antwerpen_BE_gid_2803138",0,0,"worms_DE_gid_2806142",1,0,"latin","familiar letter","letter_1_to_1"
"era_cwe_1200","1200 [CWE] // 1200 [ALLEN]","erasmus_desiderius_viaf_95982394",0,0,"frederiks_willem_viaf_unknown",0,0,"1200 To Willem Frederiks Louvain, 30 April 1521 [CWE]",1521,"1521-04-30",0,1521,"1521-04-30",0,0,0,"leuven_BE_gid_2792482",0,0,"groningen_NL_gid_2755251",1,0,"latin","familiar letter","letter_1_to_1"
"era_cwe_1202","1202 [CWE] // 1202 [ALLEN]","erasmus_desiderius_viaf_95982394",0,0,"jonas_justus_viaf_32044388",0,0,"1202 To Justus Jonas Louvain, 10 May 1521 [CWE]",1521,"1521-05-10",0,1521,"1521-05-10",0,0,0,"leuven_BE_gid_2792482",0,0,"erfurt_DE_gid_2929670",1,0,"latin","familiar letter","letter_1_to_1"
"era_cwe_1203","1203 [CWE] // 1203 [ALLEN]","erasmus_desiderius_viaf_95982394",0,0,"baer_ludwig_viaf_57525097",0,0,"1203 To Ludwig Baer Louvain, 14 May 1521 [CWE]",1521,"1521-05-14",0,1521,"1521-05-14",0,0,0,"leuven_BE_gid_2792482",0,0,"basel_CH_gid_2661604",1,0,"latin","familiar letter","letter_1_to_1"
"era_cwe_1204","1204 [CWE] // 1204 [ALLEN]","erasmus_desiderius_viaf_95982394",0,0,"baarland_adriaan_van_viaf_19701114",0,0,"1204 To Adrianus Cornelii Barlandus [Louvain, c May 1521] [CWE]",1521,"1521-05-01",1,1521,"1521-05-31",1,1,0,"leuven_BE_gid_2792482",1,0,"leuven_BE_gid_2792482",1,0,"latin","prefatory letter","letter_1_to_1"
"era_cwe_1205","1205 [CWE] // 1205 [ALLEN]","erasmus_desiderius_viaf_95982394",0,0,"warham_william_viaf_58070815",0,0,"1205 To William Warham Antwerp, 24 May 1521 [CWE]",1521,"1521-05-24",0,1521,"1521-05-24",0,0,0,"antwerpen_BE_gid_2803138",0,0,"london_GB_gid_2643743",1,0,"latin","familiar letter","letter_1_to_1"
"era_cwe_1206","1206 [CWE] // 1206 [ALLEN]","erasmus_desiderius_viaf_95982394",0,0,"rhenanus_beatus_viaf_39415982",0,0,"1206 To Beatus Rhenanus Louvain, 27 May [1521] [CWE]",1521,"1521-05-27",0,1521,"1521-05-27",1,0,0,"leuven_BE_gid_2792482",0,0,"basel_CH_gid_2661604",1,0,"latin","familiar letter","letter_1_to_1"
"era_cwe_1207","1207 [CWE] // 1207 [ALLEN]","amerbach_basilius_viaf_3283723",0,0,"erasmus_desiderius_viaf_95982394",0,0,"1207 From Basilius Amerbach Basel, 30 May 1521 [CWE]",1521,"1521-05-30",0,1521,"1521-05-30",0,0,0,"basel_CH_gid_2661604",0,0,"anderlecht_BE_gid_2803201",1,0,"latin","familiar letter","letter_1_to_1"
"era_cwe_1208","1208 [CWE] // 1208 [ALLEN]","erasmus_desiderius_viaf_95982394",0,0,"hornes_maximilien_de_viaf_20840615",0,0,"1208 To Maximiliaan van Horn, Anderlecht, 31 May 1521 [CWE]",1521,"1521-05-31",0,1521,"1521-05-31",0,0,0,"anderlecht_BE_gid_2803201",0,0,"brussels_BE_gid_2800866",1,0,"latin","familiar letter","letter_1_to_1"
"era_cwe_1209","1209 [CWE] // 1209 [ALLEN]","erasmus_desiderius_viaf_95982394",0,0,"goclenius_conrad_viaf_100370860",0,0,"1209 To Conradus Goclenius [Anderlecht] 8 June 1521 [CWE]",1521,"1521-06-08",0,1521,"1521-06-08",0,0,0,"anderlecht_BE_gid_2803201",1,0,"leuven_BE_gid_2792482",1,0,"latin","familiar letter","letter_1_to_1"
"era_cwe_1210","1210 [CWE] // 1210 [ALLEN]","erasmus_desiderius_viaf_95982394",0,0,"pace_richard_viaf_62360861",0,0,"1210 To Richard Pace Anderlecht, 11 June 1521 [CWE]",1521,"1521-06-11",0,1521,"1521-06-11",0,0,0,"anderlecht_BE_gid_2803201",0,0,"unknown_location_XX_gid_unknown",1,0,"latin","familiar letter","letter_1_to_1"
"era_cwe_1211","1211 [CWE] // 1211 [ALLEN]","erasmus_desiderius_viaf_95982394",0,0,"jonas_justus_viaf_32044388",0,0,"1211 To Justus Jonas Anderlecht, 13 June 1521 [CWE]",1521,"1521-06-13",0,1521,"1521-06-13",0,0,0,"anderlecht_BE_gid_2803201",0,0,"wittenberg_DE_gid_7303020",1,0,"latin","familiar letter","letter_1_to_1"
"era_cwe_1212","1212 [CWE] // 1212 [ALLEN]","erasmus_desiderius_viaf_95982394",0,0,"guillard_louis_viaf_172190973",0,0,"1212 To Louis Guillard Anderlecht, 17 June 1521 [CWE]",1521,"1521-06-17",0,1521,"1521-06-17",0,0,0,"anderlecht_BE_gid_2803201",0,0,"tournai_BE_gid_2785341",1,0,"latin","familiar letter","letter_1_to_1"
"era_cwe_1213","1213 [CWE] // 1213 [ALLEN]","bombace_paolo_viaf_69786324",0,0,"erasmus_desiderius_viaf_95982394",0,0,"1213 From Paolo Bombace Rome, 18 June 1521 [CWE]",1521,"1521-06-18",0,1521,"1521-06-18",0,0,0,"rome_IT_gid_3169070",0,0,"anderlecht_BE_gid_2803201",1,0,"latin","familiar letter","letter_1_to_1"
"era_cwe_1214","1214 [CWE] // 1214 [ALLEN]","erasmus_desiderius_viaf_95982394",0,0,"hugenoys_lieven_viaf_unknown",0,0,"1214 To Lieven Hugenoys Anderlecht, 21 June 1521 [CWE]",1521,"1521-06-21",0,1521,"1521-06-21",0,0,0,"anderlecht_BE_gid_2803201",0,0,"gent_BE_gid_2797656",1,0,"latin","familiar letter","letter_1_to_1"
"era_cwe_1215","1215 [CWE] // 1215 [ALLEN]","erasmus_desiderius_viaf_95982394",0,0,"harst_karl_viaf_81360435",0,0,"1215 To Karl Harst Anderlecht, 22 June 1521 [CWE]",1521,"1521-06-22",0,1521,"1521-06-22",0,0,0,"anderlecht_BE_gid_2803201",0,0,"leuven_BE_gid_2792482",1,0,"latin","familiar letter","letter_1_to_1"
"era_cwe_1216","1216 [CWE] // 1216 [ALLEN]","erasmus_desiderius_viaf_95982394",0,0,"barbier_pierre_viaf_unknown",0,0,"1216 To Pierre Barbier Anderlecht, 26 June 1521 [CWE]",1521,"1521-06-26",0,1521,"1521-06-26",0,0,0,"anderlecht_BE_gid_2803201",0,0,"unknown_location_in_spain_ES_gid_unknown",1,0,"latin","familiar letter","letter_1_to_1"
"era_cwe_1217","1217 [CWE] // 1217 [ALLEN]","erasmus_desiderius_viaf_95982394",0,0,"louvain_theologians_of_viaf_not_applicable",0,0,"1217 To the Theologians of Louvain Anderlecht, [June-July] 1521 [CWE]",1521,"1521-06-01",1,1521,"1521-07-31",1,0,0,"anderlecht_BE_gid_2803201",0,0,"leuven_BE_gid_2792482",1,0,"latin","familiar letter","letter_1_to_1"
"era_cwe_1218","1218 [CWE] // 1218 [ALLEN]","erasmus_desiderius_viaf_95982394",0,0,"pace_richard_viaf_62360861",0,0,"1218 To Richard Pace Brussels, 3 July 1521 [CWE]",1521,"1521-07-05",0,1521,"1521-07-05",0,0,0,"brussels_BE_gid_2800866",0,0,"unknown_location_XX_gid_unknown",1,0,"latin","familiar letter","letter_1_to_1"
"era_cwe_1219","1219 [CWE] // 1219 [ALLEN]","erasmus_desiderius_viaf_95982394",0,0,"blount_william_viaf_212831990",0,0,"1219 To William Blount, Lord Mountjoy Anderlecht, [c July?] 1521 [CWE]",1521,"1521-07-05",0,1521,"1521-07-05",1,1,1,"anderlecht_BE_gid_2803201",0,0,"greenwich_GB_gid_2647937",1,0,"latin","familiar letter","letter_1_to_1"
"era_cwe_1220","1220 [CWE] // 1220 [ALLEN]","erasmus_desiderius_viaf_95982394",0,0,"more_thomas_sir_saint_viaf_29541174",0,0,"1220 To Thomas More Anderlecht, [June-July 1521] [CWE]",1521,"1521-06-01",1,1521,"1521-07-31",1,0,0,"anderlecht_BE_gid_2803201",0,0,"greenwich_GB_gid_2647937",1,0,"latin","familiar letter","letter_1_to_1"
"era_cwe_1221","1221 [CWE] // 1221 [ALLEN]","erasmus_desiderius_viaf_95982394",0,0,"tayspil_daniël_viaf_unknown",0,0,"1221 To Daniël Tayspil Anderlecht, 3 July 1521 [CWE]",1521,"1521-07-05",0,1521,"1521-07-05",0,0,0,"anderlecht_BE_gid_2803201",0,0,"st_augustin_lès_thérouanne_abbey_FR_gid_unknown",1,0,"latin","familiar letter","letter_1_to_1"
"era_cwe_1222","1222 [CWE] // 1222 [ALLEN]","vives_juan_luis_viaf_71399403",0,0,"erasmus_desiderius_viaf_95982394",0,0,"1222 From Juan Luis Vives Bruges, 10 July 1521 [CWE]",1521,"1521-07-10",0,1521,"1521-07-10",0,0,0,"brugge_BE_gid_2800931",0,0,"leuven_BE_gid_2792482",1,0,"latin","familiar letter","letter_1_to_1"
"era_cwe_1223","1223 [CWE] // 1223 [ALLEN]","erasmus_desiderius_viaf_95982394",0,0,"goclenius_conrad_viaf_100370860",0,0,"1223 To Conradus Goclenius Bruges, 12 August [1521] [CWE]",1521,"1521-08-12",0,1521,"1521-08-12",1,0,0,"brugge_BE_gid_2800931",0,0,"leuven_BE_gid_2792482",1,0,"latin","familiar letter","letter_1_to_1"
"era_cwe_1224","1224 [CWE] // 1224 [ALLEN]","erasmus_desiderius_viaf_95982394",0,0,"thale_william_viaf_unknown",0,0,"1224 To William Thale Bruges, 13 August 1521 [CWE]",1521,"1521-08-13",0,1521,"1521-08-13",0,0,0,"brugge_BE_gid_2800931",0,0,"unknown_location_in_england_GB_gid_unknown",1,0,"latin","familiar letter","letter_1_to_1"
"era_cwe_1225","1225 [CWE] // 1225 [ALLEN]","erasmus_desiderius_viaf_95982394",0,0,"barbier_pierre_viaf_unknown",0,0,"1225 To Pierre Barbier Bruges, 13 August 1521 [CWE]",1521,"1521-08-13",0,1521,"1521-08-13",0,0,0,"brugge_BE_gid_2800931",0,0,"unknown_location_in_spain_ES_gid_unknown",1,0,"latin","familiar letter","letter_1_to_1"
"era_cwe_1226","1226 [CWE] // 1226 [ALLEN]","erasmus_desiderius_viaf_95982394",0,0,"froben_hieronymus_viaf_32319505",0,0,"1226 To Hieronymus Froben Bruges, 14 August 1521 [CWE]",1521,"1521-08-14",0,1521,"1521-08-14",0,0,0,"brugge_BE_gid_2800931",0,0,"basel_CH_gid_2661604",1,0,"latin","familiar letter","letter_1_to_1"
"era_cwe_1227","1227 [CWE] // 1227 [ALLEN]","erasmus_desiderius_viaf_95982394",0,0,"pace_richard_viaf_62360861",0,0,"1227 To Richard Pace Bruges, 23 August 1521 [CWE]",1521,"1521-08-23",0,1521,"1521-08-23",0,0,0,"brugge_BE_gid_2800931",0,0,"unknown_location_XX_gid_unknown",1,0,"latin","familiar letter","letter_1_to_1"
"era_cwe_1228","1228 [CWE] // 1228 [ALLEN]","erasmus_desiderius_viaf_95982394",0,0,"warham_william_viaf_58070815",0,0,"1228 To William Warham Bruges, 23 August 1521 [CWE]",1521,"1521-08-23",0,1521,"1521-08-23",0,0,0,"brugge_BE_gid_2800931",0,0,"london_GB_gid_2643743",1,0,"latin","familiar letter","letter_1_to_1"
"era_cwe_1229","1229 [CWE] // 1229 [ALLEN]","erasmus_desiderius_viaf_95982394",0,0,"lupset_thomas_viaf_89034021",0,0,"1229 To Thomas Lupset Bruges, 23 August [1521] [CWE]",1521,"1521-08-23",0,1521,"1521-08-23",1,0,0,"brugge_BE_gid_2800931",0,0,"oxford_GB_gid_2640729",1,0,"latin","familiar letter","letter_1_to_1"
"era_cwe_1230","1230 [CWE] // 1230 [ALLEN]","erasmus_desiderius_viaf_95982394",0,0,"linacre_thomas_viaf_59233331",0,0,"1230 To Thomas Linacre Bruges, 24 August 1521 [CWE]",1521,"1521-08-24",0,1521,"1521-08-24",0,0,0,"brugge_BE_gid_2800931",0,0,"london_GB_gid_2643743",1,0,"latin","familiar letter","letter_1_to_1"
"era_cwe_1231","1231 [CWE] // 1231 [ALLEN]","erasmus_desiderius_viaf_95982394",0,0,"wichmans_peter_viaf_unknown",0,0,"1231 To Pieter Wichmans Bruges, [c 29 August] 1521 [CWE]",1521,"1521-08-29",0,1521,"1521-08-29",1,1,0,"brugge_BE_gid_2800931",0,0,"anderlecht_BE_gid_2803201",1,0,"latin","familiar letter","letter_1_to_1"
"era_cwe_1232","1232 [CWE] // 1232 [ALLEN]","erasmus_desiderius_viaf_95982394",0,0,"buscoducensis_nicolas_viaf_167110308",0,0,"1232 To Nicolaas van Broeckhoven Anderlecht, 31 August [1521] [CWE]",1521,"1521-08-31",0,1521,"1521-08-31",1,0,0,"anderlecht_BE_gid_2803201",0,0,"antwerpen_BE_gid_2803138",1,0,"latin","familiar letter","letter_1_to_1"
"era_cwe_1232a","1232A [CWE]  // 1226A [CDE]","arsenios_archbischop_of_monemvasia_viaf_24636751",0,0,"erasmus_desiderius_viaf_95982394",0,0,"1232A From Arsenius Apostolius Florence, 31 August 1521 [CWE]",1521,"1521-08-31",0,1521,"1521-08-31",0,0,0,"florence_IT_gid_3176959",0,0,"anderlecht_BE_gid_2803201",1,0,"greek","familiar letter","letter_1_to_1"
"era_cwe_1233","1233 [CWE] // 1233 [ALLEN]","erasmus_desiderius_viaf_95982394",0,0,"budé_guillaume_viaf_105878228",0,0,"1233 To Guillaume Budé Anderlecht, [c September] 1521 [CWE]",1521,"1521-09-01",1,1521,"1521-09-30",1,1,0,"anderlecht_BE_gid_2803201",0,0,"paris_FR_gid_2988507",1,0,"latin","familiar letter","letter_1_to_1"
"era_cwe_1233a","1233A [CWE] // 1201 [ALLEN]","amerbach_bonifacius_viaf_34528701",0,0,"erasmus_desiderius_viaf_95982394",0,0,"1233A From Bonifacius Amerbach [Basel, September 1521] [CWE]",1521,"1521-09-01",1,1521,"1521-09-30",1,0,0,"basel_CH_gid_2661604",1,0,"anderlecht_BE_gid_2803201",1,0,"latin","familiar letter","letter_1_to_1"
"era_cwe_1234","1234 [CWE] // 1234 [ALLEN]","erasmus_desiderius_viaf_95982394",0,0,"schudelin_johann_viaf_unknown",0,0,"1234 To Johann Schudelin Anderlecht, 4 September 1521 [CWE]",1521,"1521-09-04",0,1521,"1521-09-04",0,0,0,"anderlecht_BE_gid_2803201",0,0,"kloster_ottobeuren_DE_gid_8030045",1,0,"latin","familiar letter","letter_1_to_1"
"era_cwe_1235","1235 [CWE] // 1235 [ALLEN]","erasmus_desiderius_viaf_95982394",0,0,"barbier_pierre_viaf_unknown",0,0,"1235 To Pierre Barbier Anderlecht, 23 September 1521 [CWE]",1521,"1521-09-23",0,1521,"1521-09-23",0,0,0,"anderlecht_BE_gid_2803201",0,0,"rome_IT_gid_3169070",1,0,"latin","familiar letter","letter_1_to_1"
"era_cwe_1236","1236 [CWE] // 1236 [ALLEN]","erasmus_desiderius_viaf_95982394",0,0,"bombace_paolo_viaf_69786324",0,0,"1236 To Paolo Bombace Anderlecht, 23 September 1521 [CWE]",1521,"1521-09-23",0,1521,"1521-09-23",0,0,0,"anderlecht_BE_gid_2803201",0,0,"rome_IT_gid_3169070",1,0,"latin","familiar letter","letter_1_to_1"
"era_cwe_1237","1237 [CWE] // 1237 [ALLEN]","erasmus_desiderius_viaf_95982394",0,0,"aytta_bernhard_bucho_van_viaf_unknown",0,0,"1237 To Bernard Bucho van Aytta Anderlecht, 24 September 1521 [CWE]",1521,"1521-09-24",0,1521,"1521-09-24",0,0,0,"anderlecht_BE_gid_2803201",0,0,"the_hague_NL_gid_2747373",1,0,"latin","familiar letter","letter_1_to_1"
"era_cwe_1238","1238 [CWE] // 1238 [ALLEN]","erasmus_desiderius_viaf_95982394",0,0,"everardi_nicolaus_viaf_113330335",0,0,"1238 To Nicolaas Everaerts Anderlecht, [c October] 1521 [CWE]",1521,"1521-10-01",1,1521,"1521-10-31",1,1,0,"anderlecht_BE_gid_2803201",0,0,"mechelen_BE_gid_2791537",1,0,"latin","familiar letter","letter_1_to_1"
"era_cwe_1239","1239 [CWE] // 1239 [ALLEN]","erasmus_desiderius_viaf_95982394",0,0,"ofhuys_gabriël_viaf_unknown",0,0,"1239 To Gabriel Ofhuys Anderlecht, 14 October [1521] [CWE]",1521,"1521-10-14",0,1521,"1521-10-14",1,0,0,"anderlecht_BE_gid_2803201",0,0,"brussels_BE_gid_2800866",1,0,"latin","familiar letter","letter_1_to_1"
"era_cwe_1240","1240 [CWE] // 1240 [ALLEN]","erasmus_desiderius_viaf_95982394",0,0,"rescius_rutgerus_viaf_76304064",0,0,"1240 To Rutgerus Rescius Anderlecht, [October?] 1521 [CWE]",1521,"1521-10-01",1,1521,"1521-10-31",1,0,1,"anderlecht_BE_gid_2803201",0,0,"leuven_BE_gid_2792482",1,0,"latin","familiar letter","letter_1_to_1"
"era_cwe_1241","1241 [CWE] // 1241 [ALLEN]","capito_wolfgang_viaf_61578502",0,0,"erasmus_desiderius_viaf_95982394",0,0,"1241 From Wolfgang Faber Capito [Halle?], 14 October 1521 [CWE]",1521,"1521-10-14",0,1521,"1521-10-14",0,0,0,"halle_(saale)_DE_gid_2911522",1,1,"leuven_BE_gid_2792482",1,0,"latin","familiar letter","letter_1_to_1"
"era_cwe_1241a","1241A [CWE] // 2680 [ALLEN]","aleandro_girolamo_viaf_17319843",0,0,"erasmus_desiderius_viaf_95982394",0,0,"1241A From Girolamo Aleandro [Louvain? c 20-3 October 1521?] [CWE]",1521,"1521-10-20",1,1521,"1521-10-25",1,1,1,"leuven_BE_gid_2792482",1,1,"basel_CH_gid_2661604",1,0,"latin","familiar letter","letter_1_to_1"
"era_cwe_1242","1242 [CWE] // 1242 [ALLEN]","erasmus_desiderius_viaf_95982394",0,0,"thurzó_stanislaus_bishop_of_olomouc_viaf_35631755",0,0,"1242 To Stanislaus Thurzó [Basel, c 20 November 1521] [CWE]",1521,"1521-11-20",0,1521,"1521-11-20",1,1,0,"basel_CH_gid_2661604",1,0,"kromeríž_CZ_gid_3072649",1,0,"latin","familiar letter","letter_1_to_1"
"era_cwe_1243","1243 [CWE] // 1243 [ALLEN]","erasmus_desiderius_viaf_95982394",0,0,"thurzó_stanislaus_bishop_of_olomouc_viaf_35631755",0,0,"1243 To Stanislaus Thurzó Basel, 22 November 1521 [CWE]",1521,"1521-11-22",0,1521,"1521-11-22",0,0,0,"basel_CH_gid_2661604",0,0,"kromeríž_CZ_gid_3072649",1,0,"latin","familiar letter","letter_1_to_1"
"era_cwe_1244","1244 [CWE] // 1244 [ALLEN]","erasmus_desiderius_viaf_95982394",0,0,"pirckheimer_willibald_viaf_27173507",0,0,"1244 To Willibald Pirckheimer Basel, 29 November 1521 [CWE]",1521,"1521-11-29",0,1521,"1521-11-29",0,0,0,"basel_CH_gid_2661604",0,0,"nürnberg_DE_gid_2861650",1,0,"latin","familiar letter","letter_1_to_1"
"era_cwe_1245","1245 [CWE] // 1245 [ALLEN]","barbier_pierre_viaf_unknown",0,0,"erasmus_desiderius_viaf_95982394",0,0,"1245 From Pierre Barbier Victoria, 29 November 1521 [CWE]",1521,"1521-11-29",0,1521,"1521-11-29",0,0,0,"vitoria_ES_gid_3104499",0,0,"basel_CH_gid_2661604",1,0,"latin","familiar letter","letter_1_to_1"
"era_cwe_1246","1246 [CWE] // 1246 [ALLEN]","tate_william_viaf_unknown",0,0,"erasmus_desiderius_viaf_95982394",0,0,"1246 From William Tate Richmond, 4 December 1521 [CWE]",1521,"1521-12-04",0,1521,"1521-12-04",0,0,0,"richmond_GB_gid_2639388",0,0,"basel_CH_gid_2661604",1,0,"latin","familiar letter","letter_1_to_1"
"era_cwe_1247","1247 [CWE] // 1247 [ALLEN]","peutinger_konrad_viaf_56776766",0,0,"erasmus_desiderius_viaf_95982394",0,0,"1247 From Konrad Peutinger Augsburg, 9 December 1521 [CWE]",1521,"1521-12-09",0,1521,"1521-12-09",0,0,0,"augsburg_DE_gid_2954172",0,0,"basel_CH_gid_2661604",1,0,"latin","familiar letter","letter_1_to_1"
"era_cwe_1248","1248 [CWE] // 1248 [ALLEN]","erasmus_desiderius_viaf_95982394",0,0,"schiner_matthäus_viaf_184814357",0,0,"1248 To Matthäus Schiner Basel, 14 December 1521 [CWE]",1521,"1521-12-14",0,1521,"1521-12-14",0,0,0,"basel_CH_gid_2661604",0,0,"antwerpen_BE_gid_2803138",1,0,"latin","familiar letter","letter_1_to_1"
"era_cwe_1249","1249 [CWE] // 1249 [ALLEN]","erasmus_desiderius_viaf_95982394",0,0,"schiner_matthäus_viaf_184814357",0,0,"1249 To Matthäus Schiner Basel, 14 December 1521 [CWE]",1521,"1521-12-14",0,1521,"1521-12-14",0,0,0,"basel_CH_gid_2661604",0,0,"antwerpen_BE_gid_2803138",1,0,"latin","familiar letter","letter_1_to_1"
"era_cwe_1250","1250 [CWE] // 1250 [ALLEN]","erasmus_desiderius_viaf_95982394",0,0,"alciati_andrea_viaf_51699991",0,0,"1250 To Andrea Alciati Basel, 14 December 1521 [CWE]",1521,"1521-12-14",0,1521,"1521-12-14",0,0,0,"basel_CH_gid_2661604",0,0,"avignon_FR_gid_3035681",1,0,"latin","familiar letter","letter_1_to_1"
"era_cwe_1251","1251 [CWE] // 1251 [ALLEN]","sapidus_johannes_viaf_24771033",0,0,"erasmus_desiderius_viaf_95982394",0,0,"1251 From Johannes Sapidus [Sélestat], 30 December 1521 [CWE]",1521,"1521-12-30",0,1521,"1521-12-30",0,0,0,"sélestat_FR_gid_2975233",1,0,"basel_CH_gid_2661604",1,0,"latin","familiar letter","letter_1_to_1"
"era_cwe_1257","1257 [CWE] // 1257 [ALLEN]","erasmus_desiderius_viaf_95982394",0,0,"goclenius_conrad_viaf_100370860",0,0,"1257 To Conradus Goclenius Basel, 6 February 1521/2 [CWE]",1521,"1521-02-06",1,1522,"1522-02-06",1,0,0,"basel_CH_gid_2661604",0,0,"leuven_BE_gid_2792482",1,0,"latin","familiar letter","letter_1_to_1"
"era_cwe_1269","1269 [CWE] // 1269 [ALLEN]","halewyn_georges_de_viaf_100289355",0,0,"erasmus_desiderius_viaf_95982394",0,0,"1269 From Joris van Halewijn Brussels, 31 March 1521/2 [CWE]",1521,"1521-03-31",1,1522,"1522-03-31",1,0,0,"brussels_BE_gid_2800866",0,0,"basel_CH_gid_2661604",1,0,"latin","familiar letter","letter_1_to_1"
"gbudé_lg_44","44 [Budé lettre grecques]","longolius_christopherus_viaf_12405190",0,0,"budé_guillaume_viaf_105878228",0,0,"Ep 44 Longueil à Budé. Padoue, 25 janvier [1521] [Budé lettres grecques]",1521,"1521-01-25",0,1521,"1521-01-25",1,0,0,"padova_IT_gid_3171728",0,0,"romorantin_lanthenay_FR_gid_2982967",1,0,"greek","familiar letter","letter_1_to_1"
"gbudé_lg_49","49 [Budé lettre grecques]","budé_guillaume_viaf_105878228",0,0,"du_mayne_guillaume_viaf_2808362",0,0,"Ep 49 Budé à du Maine. Troyes, 24 avril [1521] [Budé lettres grecques]",1521,"1521-04-24",0,1521,"1521-04-24",1,0,0,"troyes_FR_gid_2971549",0,0,"paris_FR_gid_2988507",1,0,"greek","familiar letter","letter_1_to_1"
"gbudé_lg_51","51 [Budé lettre grecques]","budé_guillaume_viaf_105878228",0,0,"du_mayne_guillaume_viaf_2808362",0,0,"Ep 51 Budé à du Maine. [printemps 1521] [Budé lettres grecques]",1521,"1521-05-06",1,1521,"1521-06-15",1,0,1,"unknown_location_in_france_FR_gid_unknown",0,1,"paris_FR_gid_2988507",1,0,"greek","familiar letter","letter_1_to_1"
"gbudé_lg_66","66 [Budé lettre grecques]","rabelais_françois_viaf_24606939",0,0,"budé_guillaume_viaf_105878228",0,0,"Ep 66 Rabelais à Budé. Fontenay, 4 mars [1521] [Budé lettres grecques]",1521,"1521-03-04",0,1521,"1521-03-04",1,0,0,"fontenay_le_comte_FR_gid_3017921",0,0,"romorantin_lanthenay_FR_gid_2982967",1,0,"greek","familiar letter","letter_1_to_1"
"gbudé_lg_9","9 [Budé lettres grecques]","brie_germain_de_viaf_227062191",0,0,"budé_guillaume_viaf_105878228",0,0,"Ep 9 De Brie à Budé. Paris, 31 janvier 1521 [Budé lettres grecques]",1521,"1521-01-31",0,1521,"1521-01-31",0,0,0,"paris_FR_gid_2988507",0,0,"romorantin_lanthenay_FR_gid_2982967",1,0,"greek","familiar letter","letter_1_to_1"
"gbudé_rep_100","100 [Répertoire]","budé_guillaume_viaf_105878228",0,0,"cochlæus_johannes_viaf_121589726",0,0,"Ep 100 A Iohannes Cochlaeus. Dijon, à la suite de la cour, 9 juin 1521",1521,"1521-06-09",0,1521,"1521-06-09",0,0,0,"dijon_FR_gid_3021372",0,0,"frankfurt_am_main_DE_gid_2925533",0,1,"latin","familiar letter","letter_1_to_1"
"gbudé_rep_101","101 [Répertoire]","budé_guillaume_viaf_105878228",0,0,"salmon_jean_viaf_68983547",0,0,"Ep 101 A Salmon Macrin. Dijon, 12 juin [1521]",1521,"1521-06-12",0,1521,"1521-06-12",1,0,0,"dijon_FR_gid_3021372",0,0,"unknown_location_in_france_FR_gid_unknown",0,1,"latin","familiar letter","letter_1_to_1"
"gbudé_rep_102","30 [Budé lettres grecques] // 102 [Répertoire]","budé_guillaume_viaf_105878228",0,0,"lascaris_janus_viaf_32142389",0,0,"Ep 102 A Janus Lascaris. De Dijon, près de la cour, 12 juin 1521",1521,"1521-06-12",0,1521,"1521-06-12",0,0,0,"dijon_FR_gid_3021372",0,0,"unknown_location_in_italy_IT_gid_unknown",0,1,"greek","familiar letter","letter_1_to_1"
"gbudé_rep_103","10 [Budé lettres grecques] // 103 [Répertoire]","budé_guillaume_viaf_105878228",0,0,"brie_germain_de_viaf_227062191",0,0,"Ep 103 A Germain de Brie. De Dijon, ville près de la résidence de la cour, 18 juin 1521",1521,"1521-06-18",0,1521,"1521-06-18",0,0,0,"dijon_FR_gid_3021372",0,0,"paris_FR_gid_2988507",0,1,"greek","familiar letter","letter_1_to_1"
"gbudé_rep_104","11 [Budé lettres grecques] // 104 [Répertoire]","budé_guillaume_viaf_105878228",0,0,"brie_germain_de_viaf_227062191",0,0,"Ep 104 A Germain de Brie. Dijon, 19 juin 1521",1521,"1521-06-19",0,1521,"1521-06-19",0,0,0,"dijon_FR_gid_3021372",0,0,"paris_FR_gid_2988507",0,1,"greek","familiar letter","letter_1_to_1"
"gbudé_rep_105","105 [Répertoire]","budé_guillaume_viaf_105878228",0,0,"budé_jacques_viaf_uncertain",0,0,"Ep 105 A Jacques Budé, frère de G. B. Dijon, 21 juin [1521]",1521,"1521-06-21",0,1521,"1521-06-21",1,0,0,"dijon_FR_gid_3021372",0,0,"noyon_FR_gid_2989877",1,1,"latin","familiar letter","letter_1_to_1"
"gbudé_rep_106","72 [Budé lettres grecques] // 106 [Répertoire]","budé_guillaume_viaf_105878228",0,0,"robertet_françois_viaf_unknown",0,0,"Ep 106 A François Robertet. Dijon, 26 juin [1521]",1521,"1521-06-26",0,1521,"1521-06-26",1,0,0,"dijon_FR_gid_3021372",0,0,"unknown_location_in_france_FR_gid_unknown",1,1,"greek","familiar letter","letter_1_to_1"
"gbudé_rep_107","107 [Répertoire]","budé_guillaume_viaf_105878228",0,0,"ruzé_louis_viaf_306487693",0,0,"Ep 107 Louis Ruzé. A Nuits, en Bourgogne, 1er juillet [1521]",1521,"1521-07-01",0,1521,"1521-07-01",1,0,0,"nuits_saint_georges_FR_gid_2989837",0,0,"paris_FR_gid_2988507",1,1,"latin","familiar letter","letter_1_to_1"
"gbudé_rep_108","108 [Répertoire]","budé_guillaume_viaf_105878228",0,0,"le_picart_jean_viaf_unknown",0,0,"Ep 108 A Jean Le Picart. Dijon, 16 juillet [1521]",1521,"1521-07-16",0,1521,"1521-07-16",1,0,0,"dijon_FR_gid_3021372",0,0,"paris_FR_gid_2988507",1,1,"latin","familiar letter","letter_1_to_1"
"gbudé_rep_109","109 [Répertoire]","budé_guillaume_viaf_105878228",0,0,"calveto_ioanni_viaf_unknown",0,0,"Ep 109 A Jean Calvet. Dijon, 23 juillet 1521",1521,"1521-07-23",0,1521,"1521-07-23",0,0,0,"dijon_FR_gid_3021372",0,0,"unknown_location_in_france_FR_gid_unknown",1,1,"latin","familiar letter","letter_1_to_1"
"gbudé_rep_110","54 [Budé lettres grecques] // 110 [Répertoire]","budé_guillaume_viaf_105878228",0,0,"du_mayne_guillaume_viaf_2808362",0,0,"Ep 110 A Guillaume du Maine. Autun, 9 août [1521]",1521,"1521-08-09",0,1521,"1521-08-09",1,0,0,"autun_FR_gid_3035883",0,0,"paris_FR_gid_2988507",0,1,"greek","familiar letter","letter_1_to_1"
"gbudé_rep_111","23 [Budé lettres grecques] // 111 [Répertoire]","budé_guillaume_viaf_105878228",0,0,"lamy_pierre_viaf_unknown",0,0,"Ep 111 A Pierre Lamy. Autun, 14 août [1521]",1521,"1521-08-14",0,1521,"1521-08-14",1,0,0,"autun_FR_gid_3035883",0,0,"fontenay_le_comte_FR_gid_3017921",0,1,"greek","familiar letter","letter_1_to_1"
"gbudé_rep_112","60 [Budé lettres grecques] // 112 [Répertoire]","budé_guillaume_viaf_105878228",0,0,"philecous_budé_corpus_viaf_unknown",0,0,"Ep 112 A Philecous. De la cour, qui est à Troyes, 28 août 1521",1521,"1521-08-28",0,1521,"1521-08-28",0,0,0,"troyes_FR_gid_2971549",0,0,"unknown_location_XX_gid_unknown",0,1,"greek","familiar letter","letter_1_to_1"
"gbudé_rep_113","55 [Budé lettres grecques] // 113 [Répertoire]","budé_guillaume_viaf_105878228",0,0,"du_mayne_guillaume_viaf_2808362",0,0,"Ep 113 A Guillaume du Maine. Troyes, 30 août [1521]",1521,"1521-08-30",0,1521,"1521-08-30",1,0,0,"troyes_FR_gid_2971549",0,0,"paris_FR_gid_2988507",0,1,"greek","familiar letter","letter_1_to_1"
"gbudé_rep_114ck1","73 [Budé lettres grecques] // 114 [Répertoire]","budé_guillaume_viaf_105878228",0,0,"robertet_claude_viaf_unknown",0,0,"Ep 114 A Claude et François Robertet. Troyes, 2 septembre 1521",1521,"1521-09-02",0,1521,"1521-09-02",0,0,0,"troyes_FR_gid_2971549",0,0,"unknown_location_in_france_FR_gid_unknown",0,1,"greek","familiar letter","letter_1_to_n"
"gbudé_rep_114ck2","73 [Budé lettres grecques] // 114 [Répertoire]","budé_guillaume_viaf_105878228",0,0,"robertet_françois_viaf_unknown",0,0,"Ep 114 A Claude et François Robertet. Troyes, 2 septembre 1521",1521,"1521-09-02",0,1521,"1521-09-02",0,0,0,"troyes_FR_gid_2971549",0,0,"unknown_location_in_france_FR_gid_unknown",1,1,"greek","familiar letter","letter_1_to_n"
"gbudé_rep_115","12 [Budé lettres grecques] // 115 [Répertoire]","budé_guillaume_viaf_105878228",0,0,"brie_germain_de_viaf_227062191",0,0,"Ep 115 A Germain de Brie. Troyes, 2 septembre [1521]",1521,"1521-09-02",0,1521,"1521-09-02",1,0,0,"troyes_FR_gid_2971549",0,0,"paris_FR_gid_2988507",0,1,"greek","familiar letter","letter_1_to_1"
"gbudé_rep_116","31 [Budé lettres grecques] // 116 [Répertoire]","budé_guillaume_viaf_105878228",0,0,"lascaris_janus_viaf_32142389",0,0,"Ep 116 A Janus Lascaris. De Troyes, où est la cour, le 9 septembre [1521]",1521,"1521-09-09",0,1521,"1521-09-09",1,0,0,"troyes_FR_gid_2971549",0,0,"unknown_location_in_italy_IT_gid_unknown",0,1,"greek","familiar letter","letter_1_to_1"
"gbudé_rep_117","32 [Budé lettres grecques] // 117 [Répertoire]","budé_guillaume_viaf_105878228",0,0,"lascaris_janus_viaf_32142389",0,0,"Ep 117 A Philetairos. De Troyes, où est la cour, 14 septembre [1521]",1521,"1521-09-14",0,1521,"1521-09-14",1,0,0,"troyes_FR_gid_2971549",0,0,"unknown_location_in_italy_IT_gid_unknown",0,1,"greek","familiar letter","letter_1_to_1"
"gbudé_rep_118","118 [Répertoire]","budé_guillaume_viaf_105878228",0,0,"deloynes_françois_viaf_212150646",0,0,"Ep 118 A François Deloynes. Reims, 14 septembre [1521]",1521,"1521-09-14",0,1521,"1521-09-14",1,0,0,"reims_FR_gid_2984114",0,0,"paris_FR_gid_2988507",0,1,"latin","familiar letter","letter_1_to_1"
"gbudé_rep_119","61 [Budé lettres grecques] // 119 [Répertoire]","budé_guillaume_viaf_105878228",0,0,"philecous_budé_corpus_viaf_unknown",0,0,"Ep 119 A Philecous. Le 21 septembre [1521]",1521,"1521-09-21",0,1521,"1521-09-21",1,0,0,"saint_thierry_FR_gid_2976774",1,0,"unknown_location_XX_gid_unknown",0,1,"greek","familiar letter","letter_1_to_1"
"gbudé_rep_120","120 [Répertoire]","budé_guillaume_viaf_105878228",0,0,"le_picart_jean_viaf_unknown",0,0,"Ep 120 A Jean le Picart. De la cour, qui réside environs de Reims, 24 septembre [1521]",1521,"1521-09-24",0,1521,"1521-09-24",1,0,0,"reims_FR_gid_2984114",1,1,"paris_FR_gid_2988507",1,1,"latin","familiar letter","letter_1_to_1"
"gbudé_rep_121","62 [Budé lettres grecques] // 121 [Répertoire]","budé_guillaume_viaf_105878228",0,0,"philecous_budé_corpus_viaf_unknown",0,0,"Ep 121 A Philecous. A la cour, le 2 octobre [1521]",1521,"1521-10-02",0,1521,"1521-10-02",1,0,0,"pontfaverger_moronvilliers_FR_gid_2986186",1,0,"unknown_location_XX_gid_unknown",0,1,"greek","familiar letter","letter_1_to_1"
"gbudé_rep_122","56 [Budé lettres grecques] // 122 [Répertoire]","budé_guillaume_viaf_105878228",0,0,"du_mayne_guillaume_viaf_2808362",0,0,"Ep 122 A Guillaume du Maine. [Du 2 au 10 octobre 1521]",1521,"1521-10-02",1,1521,"1521-10-10",1,0,0,"unknown_location_champagne_ardenne_FR_gid_unknwon",1,1,"paris_FR_gid_2988507",0,1,"greek","familiar letter","letter_1_to_1"
"gbudé_rep_123","63 [Budé lettres grecques] // 123 [Répertoire]","budé_guillaume_viaf_105878228",0,0,"philecous_budé_corpus_viaf_unknown",0,0,"Ep 123 A Philecous. Du 10 octobre [1521]",1521,"1521-10-10",0,1521,"1521-10-10",1,0,0,"liesse_notre_dame_FR_gid_2998460",1,0,"unknown_location_XX_gid_unknown",0,1,"greek","familiar letter","letter_1_to_1"
"gbudé_rep_124","57 [Budé lettres grecques] // 124 [Répertoire]","budé_guillaume_viaf_105878228",0,0,"du_mayne_guillaume_viaf_2808362",0,0,"Ep 124 A Guillaume du Maine. Au camp, le 18 octobre [1521]",1521,"1521-10-18",0,1521,"1521-10-18",1,0,0,"élincourt_FR_gid_3020293",1,0,"paris_FR_gid_2988507",0,1,"greek","familiar letter","letter_1_to_1"
"gbudé_rep_125","58 [Budé lettres grecques] // 125 [Répertoire]","budé_guillaume_viaf_105878228",0,0,"du_mayne_guillaume_viaf_2808362",0,0,"Ep 125 A Guillaume du Maine. Du 24 our du 25 octobre [1521]",1521,"1521-10-24",1,1521,"1521-10-25",1,0,0,"bouchain_FR_gid_3031380",1,1,"paris_FR_gid_2988507",0,1,"greek","familiar letter","letter_1_to_1"
"gbudé_rep_126","59 [Budé lettres grecques] // 126 [Répertoire]","budé_guillaume_viaf_105878228",0,0,"du_mayne_guillaume_viaf_2808362",0,0,"Ep 126 A Guillaume du Maine. Du 27 octobre [1521]",1521,"1521-11-26",0,1521,"1521-11-26",1,0,0,"unknown_location_in_france_FR_gid_unknown",0,1,"paris_FR_gid_2988507",0,1,"greek","familiar letter","letter_1_to_1"
"gbudé_rep_127","64 [Budé lettres grecques] // 127 [Répertoire]","budé_guillaume_viaf_105878228",0,0,"philecous_budé_corpus_viaf_unknown",0,0,"Ep 127 A Philecous. [Dernier jours d'octobre 1521]",1521,"1521-10-25",1,1521,"1521-10-31",1,0,0,"unknown_location_in_france_FR_gid_unknown",0,1,"unknown_location_XX_gid_unknown",0,1,"greek","familiar letter","letter_1_to_1"
"gbudé_rep_128","65 [Budé lettres grecques] // 128 [Répertoire]","budé_guillaume_viaf_105878228",0,0,"philecous_budé_corpus_viaf_unknown",0,0,"Ep 128 A Philecous. A la cour, le 22 novembre [1521]",1521,"1521-11-22",0,1521,"1521-11-22",1,0,0,"unknown_location_picardie_FR_gid_unknown",0,1,"unknown_location_XX_gid_unknown",0,1,"greek","familiar letter","letter_1_to_1"
"gbudé_rep_129","129 [Répertoire]","budé_guillaume_viaf_105878228",0,0,"fieschi_battista_viaf_unknown",0,0,"Ep 129 A Battista Flisco. Paris, 13 décembre [1521]",1521,"1521-12-02",0,1521,"1521-12-02",1,0,0,"paris_FR_gid_2988507",0,0,"genoa_IT_gid_3176219",1,1,"latin","familiar letter","letter_1_to_1"
"gbudé_rep_82","43 [Budé lettres grecques] // 82 [Répertoire]","budé_guillaume_viaf_105878228",0,0,"longolius_christopherus_viaf_12405190",0,0,"Ep 82 A Christophe de Longueil. Romorantin, 6 janvier [1521]",1521,"1521-01-06",0,1521,"1521-01-06",1,0,0,"romorantin_lanthenay_FR_gid_2982967",0,0,"padova_IT_gid_3171728",1,1,"greek","familiar letter","letter_1_to_1"
"gbudé_rep_83","83 [Répertoire]","budé_guillaume_viaf_105878228",0,0,"vives_juan_luis_viaf_71399403",0,0,"Ep 83 A Louis Vivès. Romorantin, 10 janvier [1521]",1521,"1521-01-10",0,1521,"1521-01-10",1,0,0,"romorantin_lanthenay_FR_gid_2982967",0,0,"leuven_BE_gid_2792482",1,1,"latin","familiar letter","letter_1_to_1"
"gbudé_rep_84","86 [Budé lettres grecques] // 84 [Répertoire]","budé_guillaume_viaf_105878228",0,0,"tusanus_jacobus_viaf_221293349",0,0,"Ep 84 A Jacques Toussain. Romorantin, 27 janvier 1521",1521,"1521-01-27",0,1521,"1521-01-27",0,0,0,"romorantin_lanthenay_FR_gid_2982967",0,0,"paris_FR_gid_2988507",1,1,"greek","familiar letter","letter_1_to_1"
"gbudé_rep_85","8 [Budé lettres grecques] // 85 [Répertoire]","budé_guillaume_viaf_105878228",0,0,"brie_germain_de_viaf_227062191",0,0,"Ep 85 A Germain de Brie. Romorantin, 28 janvier 1521",1521,"1521-01-28",0,1521,"1521-01-28",0,0,0,"romorantin_lanthenay_FR_gid_2982967",0,0,"paris_FR_gid_2988507",0,1,"greek","familiar letter","letter_1_to_1"
"gbudé_rep_86","86 [Répertoire]","budé_guillaume_viaf_105878228",0,0,"alciati_andrea_viaf_51699991",0,0,"Ep 86 A André Alciat. 17 mars 1521, à la suite du Roi",1521,"1521-03-17",0,1521,"1521-03-17",0,0,0,"romorantin_lanthenay_FR_gid_2982967",0,0,"avignon_FR_gid_3035681",0,1,"latin","familiar letter","letter_1_to_1"
"gbudé_rep_87","87 [Répertoire]","budé_guillaume_viaf_105878228",0,0,"leonicus_thomaeus_nicolaus_viaf_88604630",0,0,"Ep. 87 A N. Leonicus. Romorantin, 18 mars [1521]",1521,"1521-03-18",0,1521,"1521-03-18",1,0,0,"romorantin_lanthenay_FR_gid_2982967",0,0,"padova_IT_gid_3171728",0,1,"latin","familiar letter","letter_1_to_1"
"gbudé_rep_88","88 [Répertoire]","budé_guillaume_viaf_105878228",0,0,"budé_dreux_ii_viaf_unknown",0,0,"Ep 88 G. B. à son fils Dreux. Du 6 avril [1521]",1521,"1521-04-06",0,1521,"1521-04-06",1,0,0,"unknown_location_in_france_FR_gid_unknown",0,1,"paris_FR_gid_2988507",0,1,"latin","familiar letter","letter_1_to_1"
"gbudé_rep_89","67 [Budé lettres grecques] // 89 [Répertoire]","budé_guillaume_viaf_105878228",0,0,"rabelais_françois_viaf_24606939",0,0,"Ep 89 A François Rabelais, franciscain. De Villeneuve en Bourgogne, 12 avril [1521]",1521,"1521-04-12",0,1521,"1521-04-12",1,0,0,"la_villeneuve_sur_vingeanne_FR_gid_3005488",0,0,"fontenay_le_comte_FR_gid_3017921",1,1,"greek","familiar letter","letter_1_to_1"
"gbudé_rep_90","90 [Répertoire]","budé_guillaume_viaf_105878228",0,0,"deloynes_françois_viaf_212150646",0,0,"Ep 90 A François Deloynes. 22 avril 1521, à la cour",1521,"1521-04-22",0,1521,"1521-04-22",0,0,0,"troyes_FR_gid_2971549",1,1,"paris_FR_gid_2988507",0,1,"latin","familiar letter","letter_1_to_1"
"gbudé_rep_91","50 [Budé lettres grecques] // 91 [Répertoire]","budé_guillaume_viaf_105878228",0,0,"du_mayne_guillaume_viaf_2808362",0,0,"Ep 91 A Guillaime du Maine. A la cour, 6 mai [1521]",1521,"1521-05-06",0,1521,"1521-05-06",1,0,0,"mussy_sur_seine_FR_gid_2991095",1,1,"paris_FR_gid_2988507",0,1,"greek","familiar letter","letter_1_to_1"
"gbudé_rep_92","92 [Répertoire]","budé_guillaume_viaf_105878228",0,0,"budé_dreux_ii_viaf_unknown",0,0,"Ep 92 G. B. à son fils Dreux. Du 7 mai [1521]",1521,"1521-05-07",0,1521,"1521-05-07",1,0,0,"unknown_location_in_france_FR_gid_unknown",0,1,"paris_FR_gid_2988507",0,1,"latin","familiar letter","letter_1_to_1"
"gbudé_rep_93","29 [Budé lettres grecques] // 93 [Répertoire]","budé_guillaume_viaf_105878228",0,0,"lascaris_janus_viaf_32142389",0,0,"Ep 93 A Janus Lascaris. Du 11 mai [1521]",1521,"1521-05-11",0,1521,"1521-05-11",1,0,0,"châtillon_sur_seine_FR_gid_3026046",1,1,"unknown_location_in_italy_IT_gid_unknown",0,1,"greek","familiar letter","letter_1_to_1"
"gbudé_rep_94","69 [Budé lettres grecques] // 94 [Répertoire]","budé_guillaume_viaf_105878228",0,0,"robertet_claude_viaf_unknown",0,0,"Ep 94 A Claude Robertet. Dijon, 17 mai [1521]",1521,"1521-05-17",0,1521,"1521-05-17",1,0,0,"dijon_FR_gid_3021372",0,0,"unknown_location_in_france_FR_gid_unknown",0,1,"greek","familiar letter","letter_1_to_1"
"gbudé_rep_95","70 [Budé lettres grecques] // 95 [Répertoire]","budé_guillaume_viaf_105878228",0,0,"robertet_françois_viaf_unknown",0,0,"Ep 95 A François Robertet. Dijon, 17 mai [1521]",1521,"1521-05-17",0,1521,"1521-05-17",1,0,0,"dijon_FR_gid_3021372",0,0,"unknown_location_in_france_FR_gid_unknown",1,1,"greek","familiar letter","letter_1_to_1"
"gbudé_rep_96","96 [Répertoire]","budé_guillaume_viaf_105878228",0,0,"more_thomas_sir_saint_viaf_29541174",0,0,"Ep 96 A Thomas More. A Dijon, où réside maintenant la cour, 23 mai [1521]",1521,"1521-05-23",0,1521,"1521-05-23",1,0,0,"dijon_FR_gid_3021372",0,0,"london_GB_gid_2643743",0,1,"latin","familiar letter","letter_1_to_1"
"gbudé_rep_97","71 [Budé lettres grecques] // 97 [Répertoire]","budé_guillaume_viaf_105878228",0,0,"robertet_claude_viaf_unknown",0,0,"Ep 97 A Claude Robertet. Dijon, 27 mai [1521]",1521,"1521-06-26",0,1521,"1521-06-26",1,0,0,"dijon_FR_gid_3021372",0,0,"unknown_location_in_france_FR_gid_unknown",0,1,"greek","familiar letter","letter_1_to_1"
"gbudé_rep_98","98 [Répertoire]","budé_guillaume_viaf_105878228",0,0,"budé_dreux_ii_viaf_unknown",0,0,"Ep 98 G. B. à son fils Dreux. De la cour, 3 juin [1521]",1521,"1521-06-03",0,1521,"1521-06-03",1,0,0,"dijon_FR_gid_3021372",1,1,"paris_FR_gid_2988507",0,1,"latin","familiar letter","letter_1_to_1"
"gbudé_rep_99","52 [Budé lettres grecques] // 99 [Répertoire]","budé_guillaume_viaf_105878228",0,0,"du_mayne_guillaume_viaf_2808362",0,0,"Ep 99 A Guillaume du Maine. A la cour, le 3 juin [1521]",1521,"1521-06-03",0,1521,"1521-06-03",1,0,0,"dijon_FR_gid_3021372",0,1,"paris_FR_gid_2988507",0,1,"greek","familiar letter","letter_1_to_1"
