"Id","type","gender","Label","pob_loc_id","pob_loc_annotation","dob_year1","dob_computable1","dob_has_range","dob_year2","dob_computable2","pod_loc_id","pod_loc_annotation","dod_year1","dod_computable1","dod_has_range","dod_year2","colour"
"alardet_amblard_viaf_unknown","individual","male","Amblard ALARDET","genève_CH_gid_2660646","Geneva",NA,"0000-00-00",1,NA,"0000-00-00","unknown_location_XX_gid_unknown","Unknown",NA,"0000-00-00",1,NA,"#525252"
"alardet_claude_louis_viaf_314873892","individual","male","Claude-Louis ALARDET","genève_CH_gid_2660646","Geneva",NA,"0000-00-00",1,NA,"0000-00-00","chambéry_FR_gid_3027422","Chambéry",NA,"0000-00-00",1,NA,"#525252"
"aldrich_robert_viaf_14638314","individual","male","Robert ALDRIDGE","burnham_GB_gid_2654274","Burnham, Buckinghamshire",NA,"0000-00-00",1,NA,"0000-00-00","unknown_location_XX_gid_unknown","Unknown",1556,"1556-03-05",0,1556,"#525252"
"amerbach_bonifacius_viaf_34528701","individual","male","Bonifacius AMERBACH","basel_CH_gid_2661604","Basel",1495,"1495-10-11",0,1495,"1495-10-11","basel_CH_gid_2661604","Basel",1562,"1535-04-24",1,1562,"#525252"
"antonin_jan_viaf_300229095","individual","male","Jan ANTONIN","košice_SK_gid_724443","Kassa (now Košice)",1499,"1499-01-01",1,1499,"1499-12-31","kraków_PL_gid_3094802","Cracow",1549,"1549-01-01",1,1549,"#525252"
"a_monk_viaf_unknown","individual","male","[A Monk","unknown_location_XX_gid_unknown","",NA,"0000-00-00",1,NA,"0000-00-00","unknown_location_XX_gid_unknown","",NA,"0000-00-00",1,NA,"#525252"
"baer_ludwig_viaf_57525097","individual","male","Ludwig BAER","basel_CH_gid_2661604","[Basel:CK]",1479,"1497-05-24",0,1479,"1497-05-24","freiburg_DE_gid_2925177","Freiburg",1554,"1554-04-14",0,1554,"#525252"
"becker_jan_viaf_unknown","individual","male","Jan BECKER","borssele_NL_gid_2758587","Borsele, in Zeeland",NA,"0000-00-00",1,NA,"0000-00-00","unknown_location_XX_gid_unknown","Unknown",1536,"1536-05-01",1,NA,"#525252"
"béda_noël_viaf_54135945","individual","male","Noël BÉDA","le_mont_saint_michel_FR_gid_6615358","prob. Mont Saint-Michel",1470,"1470-01-01",1,1470,"1470-12-31","le_mont_saint_michel_FR_gid_6615358","prob. Mont Saint-Michel",1537,"1537-01-08",0,1537,"#525252"
"blount_william_viaf_212831990","individual","male","William BLOUNT","barton_under_needwood_GB_viaf_2656207","Barton, in Staffordshire",1478,"1478-01-01",1,1478,"1478-12-31","unknown_location_XX_gid_unknown","Unknown",1534,"1534-11-08",0,1534,"#525252"
"bogbinder_hans_viaf_unknown","individual","male","Hans BOGBINDER","copenhagen_DK_gid_2618425","Copenhagen",NA,"0000-00-00",1,NA,"0000-00-00","unknown_location_XX_gid_unknown","Unknown",1564,"0000-00-00",1,1564,"#525252"
"bottis_henri_de_viaf_49563346","individual","male","Henri de BOTTIS","beynost_FR_gid_3032869","Beynost, near Lyon",NA,"0000-00-00",1,NA,"0000-00-00","unknown_location_XX_gid_unknown","Unknown",1544,"1544-01-01",1,1544,"#525252"
"botzheim_johannes_von_viaf_40125681","individual","male","Johann von BOTZHEIM","sasbach_DE_gid_2841380","Sasbach (Baden)",NA,"0000-00-00",1,NA,"0000-00-00","überlingen_DE_gid_2820577","Überlingen",1535,"1535-03-01",1,1535,"#525252"
"brie_germain_de_viaf_227062191","individual","male","Germain de BRIE","auxerre_FR_gid_3035843","Auxerre",1490,"1490-01-01",1,1490,"1490-12-31","paris_FR_gid_2988507","Paris",1538,"1538-07-22",0,1538,"#C3161F"
"bucer_martin_viaf_2478527","individual","male","Martin BUCER","sélestat_FR_gid_2975233","Schlettstadt/Elsaß",1491,"1491-11-11",0,1491,"1491-11-11","cambridge_GB_gid_2653941","Cambridge",1551,"1551-02-27",1,1551,"#525252"
"budé_guillaume_viaf_105878228","individual","male","Guillaume BUDÉ","paris_FR_gid_2988507","Paris",1468,"1468-01-26",0,1468,"1468-01-26","paris_FR_gid_2988507","Paris",1540,"1540-08-22",0,1540,"#D5AB5B"
"caduceator_henricus_viaf_unknown","individual","male","Henricus CADUCEATOR","aschaffenburg_DE_gid_2955272","Aschaffenburg",NA,"0000-00-00",1,NA,"0000-00-00","unknown_location_XX_gid_unknown","Unknown",NA,"0000-00-00",1,NA,"#525252"
"carinus_ludwig_viaf_27885311","individual","male","Ludovicus CARINUS","luzern_CH_gid_2659811","Lucerne",NA,"0000-00-00",1,NA,"0000-00-00","basel_CH_gid_2661604","Basel",1569,"1569-01-17",0,1569,"#525252"
"carondelet_jean_viaf_35387645","individual","male","Jean (II) de CARONDELET","dole_FR_gid_3021263","Dole",1469,"1469-01-01",1,1469,"1469-12-31","mechelen_BE_gid_2791537","Mechelen",1545,"1545-02-07",0,1545,"#525252"
"ceratinus_jacobus_viaf_62367114","individual","male","Jacobus CERATINUS","hoorn_NL_gid_2753636","Hoorn",NA,"0000-00-00",1,NA,"0000-00-00","leuven_BE_gid_2792482","Louvain",1530,"1530-04-20",0,1530,"#525252"
"charles_iii_duke_of_savoy_viaf_41706196","individual","male","Charles III, duke of SAVOY","chazey_sur_ain_FR_gid_3025657","Chazey-sur-Ain",1486,"1486-10-10",0,1486,"1486-10-10","vercelli_IT_gid_3164565","Vercelli",1553,"1553-08-17",0,1553,"#525252"
"charles_v_holy_roman_emperor_viaf_88598818","individual","male","Emperor CHARLES V","gent_BE_gid_2797656","Ghent",1500,"1500-02-24",0,1500,"1500-02-24","monasterio_de_yuste_ES_gid_6452898","San Jerónimo de Yuste",1558,"1558-09-21",0,1558,"#525252"
"clesio_bernardo_viaf_59192040","individual","male","Bernhard von CLES","cles_IT_gid_3178548","Val di Non, north of Trent",1485,"1485-03-11",0,1485,"1485-03-11","bressanone_IT_gid_3181550","Bressanone (Brixen)",1539,"1539-07-30",0,1539,"#525252"
"cochlæus_johannes_viaf_121589726","individual","male","Johannes COCHLAEUS","wendelstein_DE_gid_2811292","Wendelstein bei Schwabach/Mittelfranken",1479,"1479-01-01",1,1479,"1479-12-31","wroclaw_PL_gid_3081368","Breslau",1552,"1552-01-10",0,1552,"#C3161F"
"cox_leonard_viaf_25801523","individual","male","Leonard COX","thame_GB_gid_2636066","Thame, in Oxfordshire",NA,"0000-00-00",1,NA,"0000-00-00","unknown_location_XX_gid_unknown","Unknown",NA,"0000-00-00",1,NA,"#525252"
"craneveldt_frans_van_viaf_54955515","individual","male","Frans van CRANEVELT","nijmegen_NL_gid_2750053","Nijmegen",1485,"1485-02-03",0,1485,"1485-02-03","mechelen_BE_gid_2791537","Mechelen",1564,"1564-09-08",0,1564,"#525252"
"denny_nuns_of_viaf_not_applicable","corporate body","","[Nuns of Denny","unknown_location_XX_gid_unknown","",NA,"0000-00-00",1,NA,"0000-00-00","unknown_location_XX_gid_unknown","",NA,"0000-00-00",1,NA,"#525252"
"diesbach_nikolaus_von_viaf_unknown","individual","male","Nikolaus von DIESBACH","bern_CH_gid_2661552","Bern",1478,"1478-06-22",0,1478,"1478-06-22","besançon_FR_gid_3033123","Besançon",1550,"1550-06-15",0,1550,"#525252"
"emser_hieronymus_viaf_19702295","individual","male","Hieronymus EMSER","weidenstetten_DE_gid_2812958","Weidenstetten bei Ulm",1479,"1479-03-28",0,1479,"1479-03-28","dresden_DE_gid_2935022","Dresden",1527,"1527-12-08",0,1527,"#525252"
"erasmus_desiderius_viaf_95982394","individual","male","Erasmus Desiderius","rotterdam_NL_gid_2747891","bei Rotterdam",1469,"1469-01-01",1,1469,"1469-12-31","basel_CH_gid_2661604","Basel",1536,"1536-01-01",1,1536,"#3C93AF"
"fernández_de_madrid_alonso_viaf_88700304","individual","male","Alonso FERNÁNDEZ de Madrid","palencia_ES_gid_3114531","Palencia",1475,"1475-01-01",1,1475,"1475-12-31","palencia_ES_gid_3114531","prob. Palencia",1559,"1559-08-18",0,1559,"#525252"
"fonseca_alonso_de_viaf_3902488","individual","male","Alonso de FONSECA","santiago_de_compostela_ES_gid_3109642","Santiago de Compostela",1475,"1475-01-01",1,1475,"1475-12-31","toledo_ES_gid_2510409","Toledo",1534,"1534-02-05",0,1534,"#525252"
"furster_valentin_viaf_unknown","individual","male","Valentin FURSTER","unknown_location_in_germany_DE_gid_unknown","Unknown",NA,"0000-00-00",1,NA,"0000-00-00","kassel_DE_gid_2892518","prob. Kassel",NA,"0000-00-00",1,NA,"#525252"
"gachi_jean_viaf_unknown","individual","male","Jean GACHI","cluses_FR_gid_3024532","prob. Cluses, Haute-Savoie",NA,"0000-00-00",1,NA,"0000-00-00","unknown_location_XX_gid_unknown","Unknown",NA,"0000-00-00",1,NA,"#525252"
"gattinara_mercurino_marchese_di_viaf_9855777","individual","male","Mercurino Arborio di GATTINARA","vercelli_IT_gid_3164565","near Vercelli, Piedmont",1465,"1465-06-10",0,1465,"1465-06-10","innsbruck_AT_gid_2775220","Innsbruck",1530,"1530-06-05",0,1530,"#525252"
"georg_duke_of_saxony_viaf_52484350","individual","male","George, duke of SAXONY","meissen_DE_gid_2872155","Meissen",1471,"1471-08-27",0,1471,"1471-08-27","dresden_DE_gid_2935022","Dresden",1539,"1539-04-17",0,1539,"#525252"
"goclenius_conrad_viaf_100370860","individual","male","Conradus GOCLENIUS","mengeringhausen_DE_gid_2871962","Mengeringhausen, in the county of Waldeck( Westphalia)",NA,"0000-00-00",1,NA,"0000-00-00","leuven_BE_gid_2792482","Louvain",1539,"1539-01-25",0,1539,"#525252"
"gracián_diego_viaf_32887288","individual","male","Diego GRACIÁN de Alderete","tordesillas_ES_gid_3107952","Alderete, near Tordesillas",NA,"0000-00-00",1,NA,"0000-00-00","unknown_location_XX_gid_unknown","Unknown",NA,"0000-00-00",1,NA,"#525252"
"gravius_tielmannus_viaf_unknown","individual","male","Tielmannus GRAVIUS","köln_DE_gid_2886242","[Köln:CK]",NA,"0000-00-00",1,NA,"0000-00-00","köln_DE_gid_2886242","prob. Cologne",NA,"0000-00-00",1,NA,"#525252"
"heemstede_jan_of_viaf_unknown","individual","male","Jan of HEEMSTEDE","heemstede_NL_gid_2754692","Heemstede, near Haarlem",NA,"0000-00-00",1,NA,"0000-00-00","unknown_location_XX_gid_unknown","Unknown",NA,"0000-00-00",1,NA,"#525252"
"henry_viii_king_of_england_viaf_172419710","individual","male","HENRY VIII","greenwich_GB_gid_2647937","Greenwich",1491,"1491-06-28",0,1491,"1491-06-28","london_GB_gid_2643743","London",1547,"1547-01-28",0,1547,"#525252"
"hondt_jan_de_viaf_19940051","individual","male","Jan de HONDT","sint_pauwels_BE_gid_2786570","Sint-Pauwels-Waas, in East Flanders",NA,"0000-00-00",1,NA,"0000-00-00","unknown_location_XX_gid_unknown","Unknown",1571,"1571-12-24",0,1571,"#525252"
"hornburg_johann_viaf_uncertain","individual","male","Johann HORNBURG","braunschweig_DE_gid_2945024","Unknown",NA,"0000-00-00",1,NA,"0000-00-00","storkow_DE_gid_2826403","Storkow",1555,"1555-06-16",0,1555,"#525252"
"john_iii_king_of_portugal_viaf_59093168","individual","male","JOHN III","lisbon_PT_gid_2267057","Lisbon",1502,"1502-01-01",1,1502,"1502-12-31","lisbon_PT_gid_2267057","Lisbon",1557,"1557-06-11",0,1557,"#525252"
"kan_nicolaas_viaf_unknown","individual","male","Nicolaas KAN","amsterdam_NL_gid_2759794","Amsterdam",NA,"0000-00-00",1,NA,"0000-00-00","spaarnwoude_NL_gid_2746983","prob. Spaarnwoude, near Haarlem",1555,"1555-01-01",1,1555,"#525252"
"krzycki_andrzej_viaf_3542950","individual","male","Andrzej KRZYCKI","krzycko_male_PL_gid_3094471","Unknown",1482,"1482-01-01",1,1482,"1482-12-31","kraków_PL_gid_3094802","Cracow",1537,"1537-05-10",0,1537,"#525252"
"laurinus_marcus_viaf_unknown","individual","male","Marcus LAURINUS","brugge_BE_gid_2800931","Bruges",1488,"1488-05-17",0,1488,"1488-05-17","brugge_BE_gid_2800931","Bruges",1540,"1540-11-04",0,1540,"#525252"
"laurinus_matthias_viaf_unknown","individual","male","Matthias LAURINUS","brugge_BE_gid_2800931","prob. Bruges",NA,"0000-00-00",1,NA,"0000-00-00","unknown_location_XX_gid_unknown","Unknown",1540,"1540-11-09",0,1540,"#525252"
"lefèvre_d'étaples_jacques_viaf_100170223","individual","male","Jacques LEFÈVRE d'Etaples","étaples_FR_gid_3019441","Étaples in Picardy",1460,"1460-01-01",1,1460,"1460-12-31","nérac_DE_gid_2990780","Nérac",1536,"1536-01-01",1,1536,"#525252"
"lipsius_martin_viaf_17616612","individual","male","Maarten LIPS","brussels_BE_gid_2800866","Brussels",NA,"0000-00-00",1,NA,"0000-00-00","unknown_location_XX_gid_unknown","Unknown",1555,"1555-03-23",1,1559,"#525252"
"longland_john_viaf_65200907","individual","male","John LONGLAND","henley_on_thames_GB_gid_2647101","Henley-on-Thames",1473,"1473-01-01",1,1473,"1473-12-31","unknown_location_XX_gid_unknown","Unknown",1547,"1547-05-07",0,1547,"#525252"
"lorraine_jean_de_viaf_213357772","individual","male","Jean, cardinal of LORRAINE","bar_le_duc_FR_gid_3034911","Unknown",1498,"1498-04-09",0,1498,"1498-04-09","neuvy_sur_loire_FR_gid_2990479","Unknown",1550,"1550-05-10",0,1555,"#525252"
"maldonado_juan_viaf_64018172","individual","male","Juan MALDONADO","bonilla_ES_gid_3127842","Bonilla (Cuenca)",1485,"1485-01-01",1,1485,"1485-12-31","unknown_location_XX_gid_unknown","Unknown",1554,"1554-01-01",1,1554,"#525252"
"manrique_de_lara_alfonso_viaf_89177082","individual","male","Alonso MANRIQUE de Lara","segura_de_león_ES_gid_2510967","Unknown",1460,"1460-01-01",1,1460,"1460-12-31","sevilla_ES_gid_2510911","Seville",1538,"1538-09-28",0,1538,"#525252"
"marguerite_queen_consort_of_henry_ii_king_of_navarre_viaf_89797196","individual","female","MARGARET of Angoulême","angoulême_FR_gid_3037598","Angoulême",1492,"1492-04-11",0,1492,"1492-04-11","odos_FR_gid_2989742","Odos, near Tarbes in Béarn",1549,"1549-12-21",0,1549,"#525252"
"maximilian_of_transylvania_viaf_21802698","individual","male","Maximilianus TRANSSILVANUS","unknown_location_XX_gid_unknown","Unknown",NA,"0000-00-00",1,NA,"0000-00-00","boechout_BE_gid_2801743","Bouchout, near Brussels",NA,"0000-00-00",1,1538,"#525252"
"maximilien_vere_marquis_viaf_35612401","individual","male","Maximilian (II) of BURGUNDY","bergen_op_zoom_NL_gid_2759145","Bergen op Zoom",1514,"1514-07-28",0,1514,"1514-07-28","unknown_location_XX_gid_unknown","Unknown",1558,"1558-06-04",0,1558,"#525252"
"more_thomas_sir_saint_viaf_29541174","individual","male","Thomas MORE","london_GB_gid_2643743","London",1477,"1477-02-06",1,1478,"1478-02-07","london_GB_gid_2643743","London",1535,"1535-07-06",0,1535,"#C3161F"
"mornieu_pierre_de_viaf_unknown","individual","male","Pierre de MORNIEU","unknown_location_in_france_FR_gid_unknown","Unknown",NA,"0000-00-00",1,NA,"0000-00-00","unknown_location_XX_gid_unknown","Unknown",NA,"0000-00-00",1,NA,"#525252"
"nausea_friedrich_viaf_248203874","individual","male","Fridericus NAUSEA","waischenfeld_DE_gid_2815297","Waischenfeld",1496,"1496-01-01",1,1496,"1496-12-31","trento_IT_gid_3165243","Trent",1552,"1552-02-06",0,1552,"#525252"
"oliver_pedro_juan_viaf_34607051","individual","male","Pedro Juan OLIVAR","unknown_location_in_spain_ES_gid_unknown","Unknown",NA,"0000-00-00",1,NA,"0000-00-00","unknown_location_XX_gid_unknown","Unknown",1553,"1553-01-09",1,NA,"#525252"
"paracelsus_viaf_12313247","individual","male","Theophrastus PARACELSUS","einsiedeln_CH_gid_2660925","Einsiedeln",1493,"1493-01-01",1,1493,"1493-12-31","salzburg_AT_gid_2766824","Salzburg",1541,"1541-09-24",0,1541,"#525252"
"parentibus_lazarus_a_viaf_unknown","individual","male","Lazarus a PARENTIBUS","genoa_IT_gid_3176219","Unknown, possibly Genoa",NA,"0000-00-00",1,NA,"0000-00-00","unknown_location_XX_gid_unknown","Unknown",NA,"0000-00-00",1,NA,"#525252"
"paris_faculty_of_theology_of_viaf_not_applicable","corporate body","","[Faculty of Theology at Paris","unknown_location_XX_gid_unknown","",NA,"0000-00-00",1,NA,"0000-00-00","unknown_location_XX_gid_unknown","",NA,"0000-00-00",1,NA,"#525252"
"paris_parliament_of_viaf_not_applicable","corporate body","","[Parlement of Paris","unknown_location_XX_gid_unknown","",NA,"0000-00-00",1,NA,"0000-00-00","unknown_location_XX_gid_unknown","",NA,"0000-00-00",1,NA,"#525252"
"pellicanus_konrad_viaf_41862976","individual","male","Conradus PELLICANUS","rouffach_FR_gid_2982636","Rufach/Oberelsass",1478,"1478-01-08",0,1478,"1478-01-08","zürich_CH_gid_2657896","Zürich",1556,"1556-04-06",0,1556,"#525252"
"pistorius_christopherus_viaf_unknown","individual","male","Christophorus PISTORIUS","unknown_location_in_germany_DE_gid_unknown","Unknown",NA,"0000-00-00",1,NA,"0000-00-00","unknown_location_XX_gid_unknown","Unknown",NA,"0000-00-00",1,NA,"#525252"
"pirckheimer_willibald_viaf_27173507","individual","male","Willibald PIRCKHEIMER","eichstätt_DE_gid_2932069","Eichstätt",1470,"1470-12-05",0,1470,"1470-12-05","nürnberg_DE_gid_2861650","Nürnberg",1530,"1530-12-22",0,1530,"#525252"
"rescius_rutgerus_viaf_76304064","individual","male","Rutgerus RESCIUS","maaseik_BE_gid_2791964","Maaseik, in Limburg",NA,"0000-00-00",1,NA,"0000-00-00","leuven_BE_gid_2792482","Louvain",1545,"1545-10-02",0,1545,"#525252"
"ruiz_de_virués_alonso_viaf_89519337","individual","male","Alonso Ruiz de VIRUÉS","olmedo_ES_gid_3115118","Olmedo",1493,"1493-01-01",1,1493,"1493-12-31","telde_ES_gid_2510542","Telde",1545,"1545-01-19",0,1545,"#525252"
"sadoleto_jacopo_viaf_76326881","individual","male","Jacopo SADOLETO","modena_IT_gid_3173331","Modena",1477,"1477-07-12",0,1477,"1477-07-12","rome_IT_gid_3169070","Rome",1547,"1547-10-18",0,1547,"#C3161F"
"schetz_erasmus_viaf_101339450","individual","male","Erasmus SCHETS","maastricht_NL_gid_2751283","Maastricht",NA,"0000-00-00",1,NA,"0000-00-00","unknown_location_XX_gid_unknown","Unknown",1550,"1550-05-13",0,1550,"#525252"
"schmotzer_goerg_viaf_unknown","individual","male","Georg SCHMOTZER","konstanz_DE_gid_2885679","Konstanz",NA,"0000-00-00",1,NA,"0000-00-00","unknown_location_XX_gid_unknown","Unknown",1550,"1550-01-06",1,NA,"#525252"
"sigismund_i_king_of_poland_viaf_84145052","individual","male","SIGISMUND I","kraków_PL_gid_3094802","Cracow",1467,"1467-01-01",0,1467,"1467-01-01","kraków_PL_gid_3094802","Cracow",1548,"1548-04-01",0,1548,"#525252"
"sparcheford_richard_viaf_unknown","individual","male","Richard SPARCHEFORD","unknown_location_in_england_GB_gid_unknown","Unknown",NA,"0000-00-00",1,NA,"0000-00-00","unknown_location_XX_gid_unknown","",1560,"1560-06-16",0,1560,"#525252"
"szydlowiecki_krzysztof_viaf_18320094","individual","male","Krzysztof SZYDLOWIECKI","szydlowiec_PL_gid_757178","Szydlowiec",1467,"1467-01-01",1,1467,"1467-12-31","kraków_PL_gid_3094802","Cracow",1532,"1532-11-30",0,1532,"#525252"
"thomas_georg_viaf_unknown","individual","male","Georg THOMAS","nordhausen_DE_gid_2861982","Nordhausen",NA,"0000-00-00",1,NA,"0000-00-00","unknown_location_XX_gid_unknown","Unknown",NA,"0000-00-00",1,NA,"#525252"
"tittelmans_franciscus_viaf_27074875","individual","male","Frans TITELMANS","hasselt_BE_gid_2796491","Hasselt, in Limburg",1502,"1502-01-01",1,1502,"1502-12-31","unknown_location_in_italy_IT_gid_unknown","Lazio",1537,"1537-09-12",0,1537,"#525252"
"tomicki_piotr_viaf_25699004","individual","male","Piotr TOMICKI","tomice_PL_gid_3083316","Tomice, in Great Poland",1464,"1464-01-01",1,1464,"1464-12-31","kraków_PL_gid_3094802","Cracow",1535,"1535-10-29",0,1535,"#525252"
"trzecieski_andrzej_viaf_uncertain","individual","male","Andrzej TRZECIESKI","unknown_location_in_poland_PL_gid_unknown","Unknown",NA,"0000-00-00",1,NA,"0000-00-00","unknown_location_XX_gid_unknown","Unknown",1547,"1547-10-21",1,NA,"#525252"
"tusanus_jacobus_viaf_221293349","individual","male","Jacques TOUSSAIN","unknown_location_diocese_of_troyes_FR_gid_unknown","Unknown, in the diocese of Troyes",NA,"0000-00-00",1,NA,"0000-00-00","unknown_location_XX_gid_unknown","Unknown",1547,"1547-03-15",0,1547,"#C3161F"
"valdés_alfonso_de_viaf_89087729","individual","male","Alfonso de VALDÉS","cuenca_ES_gid_3124132","Cuenca",1500,"1500-01-01",1,1500,"1500-12-31","vienna_AT_gid_2761369","Vienna",1532,"1532-10-06",0,1532,"#525252"
"vel_caspar_ursinus_viaf_79441643","individual","male","Caspar URSINUS Velius","swidnica_PL_gid_3084093","Swidnica (Schweidnitz), in Silesia",NA,"0000-00-00",1,NA,"0000-00-00","vienna_AT_gid_2761369","Vienna",1539,"1539-05-05",0,1539,"#525252"
"vergara_francisco_viaf_23079828","individual","male","Francisco de VERGARA","toledo_ES_gid_2510409","Toledo",NA,"0000-00-00",1,NA,"0000-00-00","unknown_location_XX_gid_unknown","Unknown",1545,"1545-12-27",0,1545,"#525252"
"vergara_juan_de_viaf_100470729","individual","male","Juan de VERGARA","toledo_ES_gid_2510409","Toledo",1492,"1492-09-04",0,1492,"1492-09-04","toledo_ES_gid_2510409","Toledo",1557,"1557-02-20",0,1557,"#525252"
"vergil_polydore_viaf_89468390","individual","male","Polidoro VIRGILIO","urbino_IT_gid_3165035","Urbino",1470,"1470-01-01",1,1470,"1470-12-31","urbino_IT_gid_3165035","Urbino",1555,"1555-04-18",0,1555,"#525252"
"vesuvius_nicolaus_viaf_unknown","individual","male","Nicolaus VESUVIUS","unknown_location_XX_gid_unknown","Unknown",NA,"0000-00-00",1,NA,"0000-00-00","unknown_location_XX_gid_unknown","Unknown",NA,"0000-00-00",1,NA,"#525252"
"vitoria_francisco_de_viaf_100255862","individual","male","Francisco de VITORIA","unknown_location_in_spain_ES_gid_unknown","Unknown",NA,"0000-00-00",1,NA,"0000-00-00","salamanca_ES_gid_3111108","Salamanca",1546,"1546-08-12",0,1546,"#525252"
"vives_juan_luis_viaf_71399403","individual","male","Juan Luis VIVES","valencia_ES_gid_2509954","Valencia",1492,"1492-03-06",0,1492,"1492-03-06","brugge_BE_gid_2800931","Bruges",1540,"1540-05-06",0,1540,"#C3161F"
"vlatten_johann_von_viaf_192938582","individual","male","Johann von VLATTEN","vlatten_DE_gid_2817108","Unknown",NA,"0000-00-00",1,NA,"0000-00-00","unknown_location_XX_gid_unknown","Unknown",1562,"1562-06-11",0,1562,"#525252"
"wain_gervasius_viaf_253292025","individual","male","Gervasius WAIN","memmingen_DE_gid_2871992","Memmingen (Schwaben)",1491,"1491-01-01",1,1491,"1491-12-31","abbey_josaphat_lès_chartres_FR_gid_unknown","Benedictine abbey of Josaphat, near Chartres",1554,"1554-12-14",0,1554,"#525252"
"warham_william_viaf_58070815","individual","male","William WARHAM","malshanger_GB_gid_unknown","Church Oakley, Hampshire",1456,"1456-01-01",1,1456,"1456-12-31","canterbury_GB_gid_2653877","Canterbury",1532,"1532-08-22",0,1532,"#525252"
"wary_nicolas_viaf_unknown","individual","male","Nicolas WARY","marville_FR_gid_2995336","Marville near Longwy",NA,"0000-00-00",1,NA,"0000-00-00","unknown_location_XX_gid_unknown","Unknown",1529,"1529-11-30",0,1529,"#525252"
"zebrzydowski_andrzej_viaf_31698046","individual","male","Andrzej ZEBRZYDOWSKI","wiecbork_PL_gid_3082364","Wiecbork, Poland",NA,"0000-00-00",1,NA,"0000-00-00","wrzesnia_PL_gid_3081324","Wrzesnia, Poland",1560,"1560-05-23",0,1560,"#525252"
"laski_jan_(1)_viaf_54138660","individual","male","Jan (I) LASKI","lask_PL_gid_3093902","Lask, near Sieradz",1455,"1455-03-01",1,1455,"1455-03-31","kalisz_PL_gid_3096880","Kalisz",1531,"1531-05-19",0,1531,"#525252"
"laski_jan_(2)_viaf_222145667146705170005","individual","male","Jan (II) LASKI","lask_PL_gid_3093902","Lask, near Sieradz",1499,"1499-01-01",1,1499,"1499-12-31","pinczów_PL_gid_762201","Pinczow",1560,"1560-01-08",0,1560,"#525252"
