"Id","type","gender","Label","pob_loc_id","pob_loc_annotation","dob_year1","dob_computable1","dob_has_range","dob_year2","dob_computable2","pod_loc_id","pod_loc_annotation","dod_year1","dod_computable1","dod_has_range","dod_year2","colour"
"affenstein_ wolfgang_von_viaf_231943211","individual","male","Wolfgang von AFFENSTEIN","unknown_location_in_germany_DE_gid_unknown","Unknown",1501,"1501-01-01",1,1501,"1501-01-31","dirmstein_DE_gid_2936822","Dirmstein",NA,"0000-00-00",1,1556,"#525252"
"alciati_andrea_viaf_51699991","individual","male","Andrea ALCIATI","alzate_brianza_IT_gid_6535114","Alzate Brianza bei Como",1492,"1492-05-08",0,1492,"1492-05-08","pavia_IT_gid_3171366","Pavia",1550,"1550-01-12",0,1550,"#525252"
"aldrich_robert_viaf_14638314","individual","male","Robert ALDRIDGE","burnham_GB_gid_2654274","Burnham, Buckinghamshire",NA,"0000-00-00",1,NA,"0000-00-00","unknown_location_XX_gid_unknown","Unknown",1556,"1556-03-05",0,1556,"#525252"
"antonin_jan_viaf_300229095","individual","male","Jan ANTONIN","košice_SK_gid_724443","Kassa (now Košice)",1499,"1499-01-01",1,1499,"1499-12-31","kraków_PL_gid_3094802","Cracow",1549,"1549-01-01",1,1549,"#525252"
"auerbach_heinrich_viaf_69872391","individual","male","Heinrich STROMER","auerbach_DE_gid_2954603","Auerbach",1482,"1482-01-01",1,1482,"1482-12-31","leipzig_DE_gid_2879139","Leipzig",1542,"1541-11-26",0,1542,"#fdb863"
"baarland_adriaan_van_viaf_19701114","individual","male","Adrianus Cornelii BARLANDUS","baarland_NL_gid_2759562","Baarland, on Zuid-Beveland",1486,"1486-01-01",0,1486,"1486-01-01","leuven_BE_gid_2792482","Louvain",1538,"1538-11-30",0,1538,"#525252"
"baer_ludwig_viaf_57525097","individual","male","Ludwig BAER","basel_CH_gid_2661604","[Basel:CK]",1479,"1497-05-24",0,1479,"1497-05-24","freiburg_DE_gid_2925177","Freiburg",1554,"1554-04-14",0,1554,"#525252"
"béda_noël_viaf_54135945","individual","male","Noël BÉDA","le_mont_saint_michel_FR_gid_6615358","prob. Mont Saint-Michel",1470,"1470-01-01",1,1470,"1470-12-31","le_mont_saint_michel_FR_gid_6615358","prob. Mont Saint-Michel",1537,"1537-01-08",0,1537,"#525252"
"berquin_louis_de_viaf_61541805","individual","male","Louis de BERQUIN","passy_IT_gid_2988394","Passy",NA,"0000-00-00",1,NA,"0000-00-00","paris_FR_gid_2988507","Paris",1529,"1529-04-17",0,1529,"#525252"
"bertulphus_hilarius_viaf_208867782","individual","male","Hilarius BERTHOLF","ledeberg_BE_gid_2793070","Ledeberg, near Ghent",NA,"0000-00-00",1,NA,"0000-00-00","lyon_FR_gid_2996944","Lyon",1533,"1533-08-01",1,1533,"#525252"
"bibaucus_guilielmus_viaf_74763357","individual","male","Willem BIBAUT","tielt_BE_gid_2785476","Tielt, in Flanders",NA,"0000-00-00",1,NA,"0000-00-00","grande_chartreuse_gid_unknown","La Grande Chartreuse, near Grenoble",1535,"1535-07-24",0,1535,"#525252"
"biétry_thiébaut_viaf_unknown","individual","male","Thiébaut BIÉTRY","porrentruy_CH_gid_2659171","Porrentruy, in the Jura",NA,"0000-00-00",1,NA,"0000-00-00","unknown_location_XX_gid_unknown","Unknown",NA,"0000-00-00",1,NA,"#525252"
"botzheim_johannes_von_viaf_40125681","individual","male","Johann von BOTZHEIM","sasbach_DE_gid_2841380","Sasbach (Baden)",NA,"0000-00-00",1,NA,"0000-00-00","überlingen_DE_gid_2820577","Überlingen",1535,"1535-03-01",1,1535,"#525252"
"boudet_michel_viaf_120896676","individual","male","Michel BOUDET","blois_FR_gid_3032213","Blois",1469,"1469-01-01",1,1469,"1469-12-31","unknown_location_XX_gid_unknown","Unknown",1529,"1529-07-22",0,1529,"#525252"
"brie_germain_de_viaf_227062191","individual","male","Germain de BRIE","auxerre_FR_gid_3035843","Auxerre",1490,"1490-01-01",1,1490,"1490-12-31","paris_FR_gid_2988507","Paris",1538,"1538-07-22",0,1538,"#525252"
"carondelet_ferry_viaf_55078138","individual","male","Ferry de CARONDELET","mechelen_BE_gid_2791537","Mechelen",1473,"1473-01-01",1,1473,"1473-12-31","besançon_FR_gid_3033123","Besançon",1528,"1528-06-15",1,1528,"#525252"
"carondelet_jean_viaf_35387645","individual","male","Jean (II) de CARONDELET","dole_FR_gid_3021263","Dole",1469,"1469-01-01",1,1469,"1469-12-31","mechelen_BE_gid_2791537","Mechelen",1545,"1545-02-07",0,1545,"#525252"
"casembroot_leonard_viaf_unknown","individual","male","Leonard CASEMBROOT","brugge_BE_gid_2800931","Bruges",1495,"1495-11-02",0,1495,"1495-11-02","unknown_location_XX_gid_unknown","Unknown",1558,"1558-12-26",0,1558,"#525252"
"catharine_of_aragon_queen_consort_of_henry_viii_king_of_england_viaf_13102140","individual","female","CATHERINE of Aragon","alcalá_de_henares_ES_gid_3130616","Alcalá de Henares",1485,"1485-12-16",0,1485,"1485-12-16","kimbolton_GB_gid_2645536","Kimbolton, County Cambridge",1536,"1536-01-07",0,1536,"#525252"
"charles_v_holy_roman_emperor_viaf_88598818","individual","male","Emperor CHARLES V","gent_BE_gid_2797656","Ghent",1500,"1500-02-24",0,1500,"1500-02-24","monasterio_de_yuste_ES_gid_6452898","San Jerónimo de Yuste",1558,"1558-09-21",0,1558,"#525252"
"cheregato_francesco_viaf_10186230","individual","male","Francesco CHIERIGATI","vicenza_IT_gid_3164419","Vicenza",NA,"0000-00-00",1,NA,"0000-00-00","bologna_IT_gid_3181928","Bologna",1539,"1539-12-05",0,1539,"#525252"
"cigalini_francesco_viaf_27885400","individual","male","Francesco CIGALINI","como_IT_gid_3178229","Como",1489,"1489-01-01",1,1489,"1489-12-31","unknown_location_XX_gid_unknown","Unknown",1551,"1551-06-01",1,1551,"#525252"
"claimondus_johannes_viaf_72207793","individual","male","John CLAYMOND","frampton_GB_gid_2649102","Frampton, Lincolnshire",NA,"0000-00-00",1,NA,"0000-00-00","unknown_location_XX_gid_unknown","Unknown",1537,"1537-11-19",0,1537,"#525252"
"clesio_bernardo_viaf_59192040","individual","male","Bernhard von CLES","cles_IT_gid_3178548","Val di Non, north of Trent",1485,"1485-03-11",0,1485,"1485-03-11","bressanone_IT_gid_3181550","Bressanone (Brixen)",1539,"1539-07-30",0,1539,"#525252"
"cochlæus_johannes_viaf_121589726","individual","male","Johannes COCHLAEUS","wendelstein_DE_gid_2811292","Wendelstein bei Schwabach/Mittelfranken",1479,"1479-01-01",1,1479,"1479-12-31","wrocław_PL_gid_3081368","Breslau",1552,"1552-01-10",0,1552,"#fdb863"
"copus_guilielmus_viaf_22249056","individual","male","Guillaume COP","basel_CH_gid_2661604","Basel",1465,"1465-01-01",1,1465,"1465-12-31","paris_FR_gid_2988507","Paris",1532,"1532-12-02",0,1532,"#525252"
"craneveldt_frans_van_viaf_54955515","individual","male","Frans van CRANEVELT","nijmegen_NL_gid_2750053","Nijmegen",1485,"1485-02-03",0,1485,"1485-02-03","mechelen_BE_gid_2791537","Mechelen",1564,"1564-09-08",0,1564,"#525252"
"demoulins_françois_viaf_172203114","individual","male","François DU MOULIN de Rochefort","unknown_location_in_france_FR_gid_unknown","Unknown",NA,"0000-00-00",1,NA,"0000-00-00","unknown_location_XX_gid_unknown","Unknown",NA,"0000-00-00",1,1526,"#525252"
"diemus_justus_viaf_unknown","individual","male","Justus DIEMUS","bruchsal_DE_gid_2943560","Bruchsal",NA,"0000-00-00",1,NA,"0000-00-00","unknown_location_XX_gid_unknown","Unknown",NA,"0000-00-00",1,1527,"#525252"
"dilfus_franciscus_viaf_292009844","individual","male","Frans van der DILFT","antwerpen_BE_gid_2803138","Antwerp",NA,"0000-00-00",1,NA,"0000-00-00","unknown_location_XX_gid_unknown","Unknown",1550,"1550-06-14",0,1550,"#525252"
"dubois_françois_viaf_100900896","individual","male","François DUBOIS","lœuilly_FR_gid_2997929","Lœuilly, near Amiens",1483,"1483-01-01",1,1483,"1483-12-31","unknown_location_XX_gid_unknown","Unknown",1536,"1536-01-01",1,1536,"#525252"
"egnazio_giovanni_battista_viaf_100187526","individual","male","Giambattista EGNAZIO","venice_IT_gid_3164603","Venice",1478,"1478-01-01",1,1478,"1478-12-31","unknown_location_XX_gid_unknown","Unknown",1553,"1553-07-04",0,1553,"#fdb863"
"emser_hieronymus_viaf_19702295","individual","male","Hieronymus EMSER","weidenstetten_DE_gid_2812958","Weidenstetten bei Ulm",1479,"1479-03-28",0,1479,"1479-03-28","dresden_DE_gid_2935022","Dresden",1527,"1527-12-08",0,1527,"#fdb863"
"episcopius_nicolaus_viaf_100388966","individual","male","Nicolaus EPISCOPIUS","rittershoffen_FR_gid_2983428","Rittershoffen, Lower Alsace",1501,"1501-01-01",1,1501,"1501-12-31","basel_CH_gid_2661604","prob. Basel",1564,"1564-03-07",0,1564,"#525252"
"erasmus_desiderius_viaf_95982394","individual","male","Erasmus Desiderius","rotterdam_NL_gid_2747891","bei Rotterdam",1469,"1469-01-01",1,1469,"1469-12-31","basel_CH_gid_2661604","Basel",1536,"1536-01-01",1,1536,"#e66101"
"fabri_johann_viaf_73844870","individual","male","Johannes FABRI","leutkirch_im_allgäu_DE_gid_2878270","Leutkirch/Allgäu",1478,"1478-01-01",1,1478,"1478-12-31","vienna_AT_gid_2761369","Wien",1541,"1541-05-21",0,1541,"#525252"
"fettich_theobald_viaf_39718269","individual","male","Theobald FETTICH","kaiserslautern_DE_gid_2894003","Kaiserslautern",NA,"0000-00-00",1,NA,"0000-00-00","unknown_location_XX_gid_unknown","Unknown",NA,"0000-00-00",1,NA,"#525252"
"fonseca_alonso_de_viaf_3902488","individual","male","Alonso de FONSECA","santiago_de_compostela_ES_gid_3109642","Santiago de Compostela",1475,"1475-01-01",1,1475,"1475-12-31","toledo_ES_gid_2510409","Toledo",1534,"1534-02-05",0,1534,"#525252"
"francis_i_king_of_france_viaf_21677","individual","male","FRANCIS I","cognac_FR_gid_3024440","Cognac",1494,"1494-09-12",0,1494,"1494-09-12","rambouillet_FR_gid_2984513","Rambouillet",1547,"1547-03-31",0,1547,"#525252"
"francis_john_viaf_unknown","individual","male","John FRANCIS","unknown_location_XX_gid_unknown","Unknown",NA,"0000-00-00",1,NA,"0000-00-00","unknown_location_XX_gid_unknown","Unknown",NA,"0000-00-00",1,NA,"#525252"
"gardiner_stephen_viaf_54292111","individual","male","Stephen GARDINER","bury_st_edmunds_GB_gid_2654186","Bury St Edmunds",1497,"1497-01-01",1,1497,"1497-12-31","unknown_location_XX_gid_unknown","Unknown",1555,"1555-11-12",0,1555,"#525252"
"gattinara_mercurino_marchese_di_viaf_9855777","individual","male","Mercurino Arborio di GATTINARA","vercelli_IT_gid_3164565","near Vercelli, Piedmont",1465,"1465-06-10",0,1465,"1465-06-10","innsbruck_AT_gid_2775220","Innsbruck",1530,"1530-06-05",0,1530,"#525252"
"georg_duke_of_saxony_viaf_52484350","individual","male","George, duke of SAXONY","meissen_DE_gid_2872155","Meissen",1471,"1471-08-27",0,1471,"1471-08-27","dresden_DE_gid_2935022","Dresden",1539,"1539-04-17",0,1539,"#525252"
"giberti_giovanni_matteo_viaf_74583902","individual","male","Gian Matteo GIBERTI","palermo_IT_gid_2523920","Palermo",1495,"1495-09-20",0,1495,"1495-09-20","unknown_location_XX_gid_unknown","Unknown",1543,"1543-12-30",0,1543,"#525252"
"gillis_pierre_viaf_12425170","individual","male","Pieter GILLIS","antwerpen_BE_gid_2803138","Antwerp",1486,"1486-01-01",1,1486,"1486-12-31","unknown_location_XX_gid_unknown","Unknown",1533,"1533-11-06",1,1533,"#525252"
"glareanus_henricus_viaf_73950690","individual","male","Henricus GLAREANUS","mollis_CH_gid_2659636","Mollis/Glarus",1488,"1488-06-01",1,1488,"1488-06-30","freiburg_DE_gid_2925177","Freiburg i. Br.",1563,"1563-03-27",1,1563,"#fdb863"
"goclenius_conrad_viaf_100370860","individual","male","Conradus GOCLENIUS","mengeringhausen_DE_gid_2871962","Mengeringhausen, in the county of Waldeck( Westphalia)",NA,"0000-00-00",1,NA,"0000-00-00","leuven_BE_gid_2792482","Louvain",1539,"1539-01-25",0,1539,"#525252"
"henckel_johannes_viaf_42653796","individual","male","Johann HENCKEL","levoča_SK_gid_724294","Levoča (Leutschau, Löcse)",NA,"0000-00-00",1,NA,"0000-00-00","wrocław_PL_gid_3081368","Wrocław (Breslau)",1539,"1539-01-01",1,1539,"#525252"
"hessus_helius_eobanus_viaf_71412338","individual","male","Helius EOBANUS Hessus","halgehausen_DE_gid_2911550","Halgehausen bei Frankenberg/Hessen",1488,"1488-01-06",0,1488,"1488-01-06","marburg_an_der_lahn_DE_gid_2873759","Marburg/Lahn",1540,"1540-10-04",0,1540,"#fdb863"
"hondt_jan_de_viaf_19940051","individual","male","Jan de HONDT","sint_pauwels_BE_gid_2786570","Sint-Pauwels-Waas, in East Flanders",NA,"0000-00-00",1,NA,"0000-00-00","unknown_location_XX_gid_unknown","Unknown",1571,"1571-12-24",0,1571,"#525252"
"hune_martin_viaf_unknown","individual","male","Martin HUNE","gittelde_DE_gid_2920268","Gittelde",NA,"0000-00-00",1,NA,"0000-00-00","unknown_location_XX_gid_unknown","Unknown",NA,"0000-00-00",1,NA,"#525252"
"johann_der_beständige_elector_of_saxony_viaf_37263134","individual","male","John, elector of SAXONY","meissen_DE_gid_2872155","Meissen",1468,"1469-06-30",0,1468,"1469-06-30","schweinitz_DE_gid_2834488","Schweinitz",1532,"1532-08-18",0,1532,"#525252"
"klett_lukas_viaf_unknown","individual","male","Lukas KLETT","rouffach_FR_gid_2982636","Rouffach",NA,"0000-00-00",1,NA,"0000-00-00","unknown_location_XX_gid_unknown","Unknown",1539,"1539-01-01",1,NA,"#525252"
"krzycki_andrzej_viaf_3542950","individual","male","Andrzej KRZYCKI","krzycko_małe_PL_gid_3094471","Unknown",1482,"1482-01-01",1,1482,"1482-12-31","kraków_PL_gid_3094802","Cracow",1537,"1537-05-10",0,1537,"#525252"
"longland_john_viaf_65200907","individual","male","John LONGLAND","henley_on_thames_GB_gid_2647101","Henley-on-Thames",1473,"1473-01-01",1,1473,"1473-12-31","unknown_location_XX_gid_unknown","Unknown",1547,"1547-05-07",0,1547,"#525252"
"luther_martin_viaf_14773105","individual","male","Martin LUTHER","eisleben_lutherstadt_DE_gid_7284571","Eisleben",1483,"1483-01-10",0,1483,"1483-01-10","eisleben_lutherstadt_DE_gid_7284571","Eisleben",1546,"1546-02-18",0,1546,"#fdb863"
"maldonado_juan_viaf_64018172","individual","male","Juan MALDONADO","bonilla_ES_gid_3127842","Bonilla (Cuenca)",1485,"1485-01-01",1,1485,"1485-12-31","unknown_location_XX_gid_unknown","Unknown",1554,"1554-01-01",1,1554,"#525252"
"melanchthon_philipp_viaf_76319978","individual","male","Philippus MELANCHTHON","bretten_DE_gid_2944200","Bretten",1497,"1497-02-16",0,1497,"1497-02-16","wittenberg_DE_gid_7303020","Wittenberg",1560,"1560-04-19",0,1560,"#fdb863"
"more_thomas_sir_saint_viaf_29541174","individual","male","Thomas MORE","london_GB_gid_2643743","London",1477,"1477-02-06",1,1478,"1478-02-07","london_GB_gid_2643743","London",1535,"1535-07-06",0,1535,"#525252"
"nausea_friedrich_viaf_248203874","individual","male","Fridericus NAUSEA","waischenfeld_DE_gid_2815297","Waischenfeld",1496,"1496-01-01",1,1496,"1496-12-31","trento_IT_gid_3165243","Trent",1552,"1552-02-06",0,1552,"#fdb863"
"nicola_felipe_viaf_unknown","individual","male","Felipe NICOLA","unknown_location_XX_gid_unknown","Unknown",NA,"0000-00-00",1,NA,"0000-00-00","unknown_location_XX_gid_unknown","Unknown",NA,"0000-00-00",1,NA,"#525252"
"oecolampadius_johann_viaf_56634092","individual","male","Johannes OECOLAMPADIUS","weinsberg_DE_gid_2812158","Weinsberg",1482,"1482-01-01",1,1482,"1482-12-31","basel_CH_gid_2661604","Basel",1531,"1531-11-22",1,1531,"#fdb863"
"oem_van_wijngaarden_viaf_unknown","individual","male","Jan OEM van Wijngaarden","unknown_location_in_the_netherlands_NL_gid_unknown","Unknown",NA,"0000-00-00",1,NA,"0000-00-00","unknown_location_XX_gid_unknown","Unknown",1567,"1567-05-04",0,1567,"#525252"
"paris_faculty_of_theology_of_viaf_not_applicable","corporate body","","[Faculty of Theology at Paris","unknown_location_XX_gid_unknown","",NA,"0000-00-00",1,NA,"0000-00-00","unknown_location_XX_gid_unknown","",NA,"0000-00-00",1,NA,"#525252"
"paris_parliament_of_viaf_not_applicable","corporate body","","[Parlement of Paris","unknown_location_XX_gid_unknown","",NA,"0000-00-00",1,NA,"0000-00-00","unknown_location_XX_gid_unknown","",NA,"0000-00-00",1,NA,"#525252"
"pellicanus_konrad_viaf_41862976","individual","male","Conradus PELLICANUS","rouffach_FR_gid_2982636","Rufach/Oberelsass",1478,"1478-01-08",0,1478,"1478-01-08","zürich_CH_gid_2657896","Zürich",1556,"1556-04-06",0,1556,"#fdb863"
"piso_jacob_viaf_46572011","individual","male","Jacobus PISO","mediaş_RO_gid_673634","Medgyes, in Transylvania",NA,"0000-00-00",1,NA,"0000-00-00","bratislava_SK_gid_3060972","Bratislava",1527,"1527-03-01",1,1527,"#525252"
"pistoris_simon_viaf_45210172","individual","male","Simon PISTORIS","leipzig_DE_gid_2879139","Leipzig",1489,"1489-10-28",0,1489,"1489-10-28","seußlitz_DE_gid_2832861","Seusslitz, near Meissen",1562,"1562-12-03",0,1562,"#525252"
"pistor_matthias_viaf_unknown","individual","male","Matthias PISTOR","unknown_location_in_germany_DE_gid_unknown","Unknown",NA,"0000-00-00",1,NA,"0000-00-00","unknown_location_XX_gid_unknown","Unknown",NA,"0000-00-00",1,NA,"#525252"
"pirckheimer_willibald_viaf_27173507","individual","male","Willibald PIRCKHEIMER","eichstätt_DE_gid_2932069","Eichstätt",1470,"1470-12-05",0,1470,"1470-12-05","nürnberg_DE_gid_2861650","Nürnberg",1530,"1530-12-22",0,1530,"#5e3c99"
"pole_reginald_viaf_37029945","individual","male","Reginald POLE","stourton castle_GB_gid_6287235","Stourton Castle, Staffordshire",1500,"1500-01-01",1,1500,"1500-12-31","london_GB_gid_2643743","London",1558,"1558-11-17",0,1558,"#525252"
"rhegius_urbanus_viaf_17232588","individual","male","Urbanus RHEGIUS","langenargen_DE_gid_2881263","Langenargen",1489,"1489-05-01",1,1489,"1489-05-31","celle_DE_gid_2940213","Celle",1541,"1541-05-23",0,1541,"#fdb863"
"schetz_erasmus_viaf_101339450","individual","male","Erasmus SCHETS","maastricht_NL_gid_2751283","Maastricht",NA,"0000-00-00",1,NA,"0000-00-00","unknown_location_XX_gid_unknown","Unknown",1550,"1550-05-13",0,1550,"#525252"
"schweiß_alexander_von_viaf_89934990","individual","male","Alexander SCHWEISS","herborn_DE_gid_2906199","Herborn, in Hesse",NA,"0000-00-00",1,NA,"0000-00-00","unknown_location_XX_gid_unknown","Unknown",1533,"1533-01-01",1,1536,"#fdb863"
"sobius_jakob_viaf_49520543","individual","male","Jacobus SOBIUS","köln_DE_gid_2886242","Cologne",NA,"0000-00-00",1,NA,"0000-00-00","unknown_location_XX_gid_unknown","Unknown",NA,"0000-00-00",1,1528,"#525252"
"swiss_confedercy_viaf_not_applicable","corporate body","","[Swiss Confederation","unknown_location_XX_gid_unknown","",NA,"0000-00-00",1,NA,"0000-00-00","unknown_location_XX_gid_unknown","",NA,"0000-00-00",1,NA,"#525252"
"szydłowiecki_krzysztof_viaf_18320094","individual","male","Krzysztof SZYDŁOWIECKI","szydłowiec_PL_gid_757178","Szydłowiec",1467,"1467-01-01",1,1467,"1467-12-31","kraków_PL_gid_3094802","Cracow",1532,"1532-11-30",0,1532,"#525252"
"torresani_gian_francesco_viaf_72229342","individual","male","Gianfrancesco TORRESANI","venice_IT_gid_3164603","Venice",NA,"0000-00-00",1,NA,"0000-00-00","unknown_location_XX_gid_unknown","Unknown",1558,"1558-01-01",1,NA,"#525252"
"tusanus_jacobus_viaf_221293349","individual","male","Jacques TOUSSAIN","unknown_location_diocese_of_troyes_FR_gid_unknown","Unknown, in the diocese of Troyes",NA,"0000-00-00",1,NA,"0000-00-00","unknown_location_XX_gid_unknown","Unknown",1547,"1547-03-15",0,1547,"#525252"
"venatorius_thomas_viaf_43677502","individual","male","Thomas VENATORIUS","nürnberg_DE_gid_2861650","Nürnberg",1488,"1488-01-01",1,1488,"1488-12-31","nürnberg_DE_gid_2861650","Nürnberg",1551,"1551-02-04",0,1551,"#fdb863"
"vergara_juan_de_viaf_100470729","individual","male","Juan de VERGARA","toledo_ES_gid_2510409","Toledo",1492,"1492-09-04",0,1492,"1492-09-04","toledo_ES_gid_2510409","Toledo",1557,"1557-02-20",0,1557,"#525252"
"vergil_polydore_viaf_89468390","individual","male","Polidoro VIRGILIO","urbino_IT_gid_3165035","Urbino",1470,"1470-01-01",1,1470,"1470-12-31","urbino_IT_gid_3165035","Urbino",1555,"1555-04-18",0,1555,"#525252"
"vives_juan_luis_viaf_71399403","individual","male","Juan Luis VIVES","valencia_ES_gid_2509954","Valencia",1492,"1492-03-06",0,1492,"1492-03-06","brugge_BE_gid_2800931","Bruges",1540,"1540-05-06",0,1540,"#525252"
"wary_nicolas_viaf_unknown","individual","male","Nicolas WARY","marville_FR_gid_2995336","Marville near Longwy",NA,"0000-00-00",1,NA,"0000-00-00","unknown_location_XX_gid_unknown","Unknown",1529,"1529-11-30",0,1529,"#525252"
"wolsey_thomas_viaf_22937889","individual","male","Thomas WOLSEY","ipswich_GB_gid_2646057","Ipswich, Suffolk",NA,"0000-00-00",1,NA,"0000-00-00","leicester_abbey_GB_gid_unknown","Leicester Abbey",1530,"1530-11-29",0,1530,"#525252"
"zasius_ulrich_viaf_61645489","individual","male","Udalricus ZASIUS","konstanz_DE_gid_2885679","Konstanz",1461,"1461-01-01",1,1461,"1461-12-31","freiburg_DE_gid_2925177","Freiburg im Breisgau",1535,"1535-11-24",0,1535,"#fdb863"
"łaski_hieronim_viaf_161930274","individual","male","Hieronim ŁASKI","łask_PL_gid_3093902","Łask, near Sieradz",1496,"1496-11-27",0,1496,"1496-11-27","kraków_PL_gid_3094802","Cracow",1541,"1541-12-22",0,1541,"#525252"
"łaski_jan_(2)_viaf_222145667146705170005","individual","male","Jan (II) ŁASKI","łask_PL_gid_3093902","Łask, near Sieradz",1499,"1499-01-01",1,1499,"1499-12-31","pińczów_PL_gid_762201","Pinczow",1560,"1560-01-08",0,1560,"#525252"
"bild_veit_viaf_42582972","individual","male","Veit Bild","höchstädt_an_der_donau_DE_gid_2903012","Höchstadt/Donau",1481,"1481-04-14",0,1481,"1481-04-14","augsburg_DE_gid_2954172","Augsburg",1529,"1529-07-19",0,1529,"#525252"
"billicanus_theobald_viaf_54939371","individual","male","Theobald Billicanus","billigheim_ingenheim_DE_gid_3272462","Billigheim bei Landau",1491,"1491-01-01",1,1491,"1491-12-31","marburg_an_der_lahn_DE_gid_2873759","Marburg",1554,"1554-08-08",0,1554,"#525252"
"cuspinianus_johannes_viaf_56145857800523020145","individual","male","Johannes Cuspinianus","schweinfurt_DE_gid_2834498","Schweinfurt in Franken",1473,"1473-12-20",1,1473,"1473-12-31","vienna_AT_gid_2761369","Wien",1529,"1529-04-19",0,1529,"#525252"
"dietrich_ambrosius_viaf_69673463","individual","male","Ambrosius Dietrich","unknown_location_XX_gid_unknown","unknown",NA,"0000-00-00",1,NA,"0000-00-00","unknown_location_XX_gid_unknown","unknown",NA,"0000-00-00",1,NA,"#525252"
"donauwörth_mayor_of_viaf_not_applicable","individual","male","Bürgermeister von Donauwörth","unknown_location_XX_gid_unknown","not applicable",NA,"0000-00-00",1,NA,"0000-00-00","unknown_location_XX_gid_unknown","unknown",NA,"0000-00-00",1,NA,"#525252"
"donauwörth_town_council_of_viaf_not_applicable","corporate body","not applicable","Rat von Donauwörth","unknown_location_XX_gid_unknown","not applicable",NA,"0000-00-00",1,NA,"0000-00-00","unknown_location_XX_gid_unknown","unknown",NA,"0000-00-00",1,NA,"#525252"
"geuder_georg_viaf_uncertain","individual","male","Georg Geuder","unknown_location_XX_gid_unknown","unknown",NA,"0000-00-00",1,NA,"0000-00-00","unknown_location_XX_gid_unknown","unknown",NA,"0000-00-00",1,NA,"#525252"
"geuder_sebald_viaf_unknown","individual","male","Sebald Geuder","unknown_location_XX_gid_unknown","unknown",NA,"0000-00-00",1,NA,"0000-00-00","unknown_location_XX_gid_unknown","unknown",1553,"1533-01-01",1,1553,"#525252"
"gugel_christoph_viaf_232302151","individual","male","Christoph Gugel","harburg_DE_gid_2910686","Harburg im Ries",1499,"1499-01-06",0,1499,"1499-01-06","nürnberg_DE_gid_2861650","Nürnberg",1577,"1577-08-16",0,1577,"#525252"
"hohenlohe_graf_albrecht_von_viaf_37680768","individual","male","Graf Albrecht von Hohenlohe","unknown_location_XX_gid_unknown","unknown",1478,"1478-01-01",1,1478,"1478-12-31","unknown_location_XX_gid_unknown","unknown",1551,"1551-01-01",1,1551,"#525252"
"hummelberger_michael_viaf_287885872","individual","male","Michael Hummelberg","ravensburg_DE_gid_2849802","Ravensburg",1487,"1487-01-01",1,1487,"1487-12-31","ravensburg_DE_gid_2849802","Ravensburg",1527,"1527-05-19",0,1527,"#525252"
"imhoff_andreas_viaf_25371459","individual","male","Endres Imhoff","nürnberg_DE_gid_2861650","Nürnberg",1491,"1491-11-29",0,1491,"1491-11-29","nürnberg_DE_gid_2861650","Nürnberg",1579,"1579-10-24",0,1579,"#525252"
"koler_katharina_viaf_unknown","individual","female","Katharina Koler","unknown_location_XX_gid_unknown","unknown",NA,"0000-00-00",1,NA,"0000-00-00","unknown_location_XX_gid_unknown","unknown",NA,"0000-00-00",1,NA,"#525252"
"kreber_leonhard_viaf_unknown","individual","male","Leonhard Kreber","nürtingen_DE_gid_2861632","Nürtingen",NA,"0000-00-00",1,NA,"0000-00-00","unknown_location_XX_gid_unknown","unknown",1527,"1527-08-27",0,1527,"#525252"
"laeus_johannes_viaf_uncertain","individual","male","Johannes Laeus","unknown_location_XX_gid_unknown","unknown",NA,"0000-00-00",1,NA,"0000-00-00","unknown_location_XX_gid_unknown","unknown",NA,"0000-00-00",1,NA,"#525252"
"loeffelholz_von_colberg_martin_viaf_86025775","individual","male","Martin Löffelholz","unknown_location_XX_gid_unknown","unknown",NA,"0000-00-00",1,NA,"0000-00-00","unknown_location_XX_gid_unknown","unknown",1533,"1533-01-01",1,1533,"#525252"
"malon_gabriel_de_viaf_unknown","individual","male","Gabriel de Malon","unknown_location_XX_gid_unknown","unknown",NA,"0000-00-00",1,NA,"0000-00-00","unknown_location_XX_gid_unknown","unknown",NA,"0000-00-00",1,NA,"#525252"
"montanus_jakob_viaf_52459266","individual","male","Jakob Montanus","gernsbach_DE_gid_2920997","Gernsbach",1460,"1460-01-01",1,1460,"1460-12-31","herford_DE_gid_2906121","Herford",1534,"1534-01-01",1,1534,"#525252"
"nürnberg_town_council_of_viaf_not_applicable","corporate body","not applicable","Rat der Stadt Nürnberg","unknown_location_XX_gid_unknown","not applicable",NA,"0000-00-00",1,NA,"0000-00-00","unknown_location_XX_gid_unknown","unknown",NA,"0000-00-00",1,NA,"#525252"
"pirckheimer_caritas_die_jüngere_viaf_1024145858287223022794","individual","female","Caritas Pirckheimer d. J.","unknown_location_XX_gid_unknown","unknown",1503,"1503-01-01",1,1503,"1503-12-31","unknown_location_XX_gid_unknown","unknown",1554,"1554-01-01",1,1554,"#525252"
"pirckheimer_eufemia_viaf_100506353","individual","female","Eufemia Pirckheimer","unknown_location_XX_gid_unknown","unknown",1486,"1486-01-01",1,1486,"1486-12-31","unknown_location_XX_gid_unknown","unknown",1547,"1547-01-01",1,1547,"#525252"
"pirckheimer_katharina_die_ältere_viaf_17967599","individual","female","Katharina Pirckheimer d. Ä.","unknown_location_XX_gid_unknown","unknown",1467,"1467-10-25",0,1467,"1467-10-25","unknown_location_XX_gid_unknown","unknown",NA,"0000-00-00",1,NA,"#525252"
"pirckheimer_katharina_die_jüngere_viaf_unknown","individual","female","Katharina Pirckheimer d. J.","unknown_location_XX_gid_unknown","unknown",1498,"1498-01-01",1,1498,"1498-12-31","unknown_location_XX_gid_unknown","unknown",1563,"1563-01-14",0,1563,"#525252"
"pirckheimer_klara_viaf_11044869","individual","female","Klara Pirckheimer","unknown_location_XX_gid_unknown","unknown",1480,"1480-01-01",1,1480,"1480-12-31","unknown_location_XX_gid_unknown","unknown",1533,"1533-01-01",1,1533,"#525252"
"pirckheimer_sabina_viaf_100506400","individual","female","Sabina Pirckheimer","unknown_location_XX_gid_unknown","unknown",1482,"1482-01-01",0,1482,"1482-12-31","unknown_location_XX_gid_unknown","unknown",1529,"1529-01-01",0,1529,"#525252"
"pöll_johann_viaf_unknown","individual","male","Johann Pöll","unknown_location_XX_gid_unknown","unknown",NA,"0000-00-00",1,NA,"0000-00-00","unknown_location_XX_gid_unknown","unknown",NA,"0000-00-00",1,NA,"#525252"
"schöner_johannes_viaf_41849693","individual","male","Johann Schöner","karlstadt_am_main_DE_gid_2892786","Karlstadt (Franken)",1477,"1477-01-16",0,1477,"1477-01-16","nürnberg_DE_gid_2861650","Nürnberg",1547,"1547-01-16",0,1547,"#525252"
"schwarzenberg_johann_von_viaf_41987336","individual","male","Johann von Schwarzenberg","schloss_schwarzenberg_bei_scheinfeld_DE_gid_unknown","Burg Schwarzenberg (Scheinfeld, Mittelfranken)",1463,"1463-12-26",1,1465,"1465-12-26","nürnberg_DE_gid_2861650","Nürnberg",1528,"1528-10-21",0,1528,"#525252"
"straub_hans_viaf_unknown","individual","male","Hans Straub","unknown_location_XX_gid_unknown","unknown",1486,"1486-01-01",1,1486,"1486-12-31","unknown_location_XX_gid_unknown","unknown",1544,"1544-01-01",1,1544,"#525252"
"sturio_johann_viaf_unknown","individual","male","Johann Sturio","unknown_location_XX_gid_unknown","unknown",NA,"0000-00-00",1,NA,"0000-00-00","unknown_location_XX_gid_unknown","unknown",NA,"0000-00-00",1,NA,"#525252"
"tannberger_wolfgang_viaf_81734707","individual","male","Wolfgang von Tannberg","unknown_location_XX_gid_unknown","unknown",1471,"1471-08-24",0,1471,"1471-08-24","unknown_location_XX_gid_unknown","unknown",1531,"1531-10-30",0,1531,"#525252"
"tscherte_hans_viaf_95414344","individual","male","Johann Tschertte","brno_CZ_gid_3078610","Brünn",1480,"1480-01-01",1,1480,"1480-12-31","vienna_AT_gid_2761369","Wien",1552,"1552-09-01",1,1552,"#525252"
"winzerer_kaspar_viaf_121673923","individual","male","Caspar Wintzer","unknown_location_XX_gid_unknown","unknown",1465,"1465-01-01",1,1475,"1475-12-31","brannenburg_DE_gid_2945165","Brannenburg am Inn",1542,"1542-10-28",0,1542,"#525252"
"zinner_nikolaus_viaf_232419217","individual","male","Nikolaus Zinner","nürnberg_DE_gid_2861650","Nürnberg",1490,"1490-01-01",1,1490,"1490-12-31","unknown_location_XX_gid_unknown","unknown",1555,"1555-01-01",1,1555,"#525252"
