"Id","type","gender","Label","pob_loc_id","pob_loc_annotation","dob_year1","dob_computable1","dob_has_range","dob_year2","dob_computable2","pod_loc_id","pod_loc_annotation","dod_year1","dod_computable1","dod_has_range","dod_year2"
"auerbach_heinrich_viaf_69872391","individual","male","Heinrich STROMER [COE] // Heinrich Stromer [CWE] // Stromer, Henry [ALLEN]","auerbach_DE_gid_2954603","Auerbach","1482","1482-01-01","1","1482","1482-12-31","leipzig_DE_gid_2879139","Leipzig","1542","1541-11-26","0","1542"
"peutinger_konrad_viaf_56776766","individual","male","Konrad PEUTINGER [COE] // Konrad Peutinger [CWE] // Peutinger, Conrad [ALLEN]","augsburg_DE_gid_2954172","Ausgburg","1465","1465-10-15","0","1465","1465-10-15","augsburg_DE_gid_2954172","Augsburg","1547","1547-10-28","0","1547"
"basellius_nikolaus_viaf_30349975","individual","male","Nicolaus BASELLIUS [COE] // Nikolaus Basellius [CWE] // Basell, Nicholas [ALLEN]","bad_dürkheim_DE_gid_2953522","Bad Dürkheim","","0000-00-00","1","","0000-00-00","kloster_hirsau_DE_gid_unknown","Hirsau","1532","1532-01-01","1","1532"
"camerarius_joachim_viaf_2495607","individual","male","Joachim CAMERARIUS [COE] // Joachim Camerarius [CWE] // Camerarius, Joachim the elder [ALLEN]","bamberg_DE_gid_2952984","Bamberg","1500","1500-04-12","0","1500","1500-04-12","leipzig_DE_gid_2879139","Leipzig","1574","1574-04-17","0","1574"
"froben_hieronymus_viaf_32319505","individual","male","Hieronymus FROBEN [COE] // Hieronymus Froben [CWE] // Froben, Hieronymus [ALLEN]","basel_CH_gid_2661604","Basel","1501","1501-08-06","0","1501","1501-08-06","basel_CH_gid_2661604","Basel","1563","1563-03-13","0","1563"
"melanchthon_philipp_viaf_76319978","individual","male","Philippus MELANCHTHON [COE] // Philippus Melanchthon [CWE] // Melanchthon, Philip [ALLEN]","bretten_DE_gid_2944200","Bretten","1497","1497-02-16","0","1497","1497-02-16","wittenberg_DE_gid_7303020","Wittenberg","1560","1560-04-19","0","1560"
"schade_peter_viaf_12457732","individual","male","Petrus MOSELLANUS [COE] // Petrus Mosellanus [CWE] // Mosellanus, Petrus (Schade) [ALLEN]","bruttig_DE_gid_2942976","Bruttig","1493","1493-01-01","1","1494","1494-12-31","leipzig_DE_gid_2879139","Leipzig","1524","1524-04-19","0","1524"
"thüngen_konrad_ii_von_viaf_26411713","individual","male","Konrad von THÜNGEN [COE] // Konrad von Thüngen [CWE] // Thuengen, Conrad of [ALLEN]","burg_reußenberg_DE_gid_unknown","Burg Reussenberg","1466","1466-01-01","1","1466","1466-12-31","würzburg_DE_gid_2805615","Würzburg","1540","1540-06-16","0","1540"
"eck_johann_viaf_100185986","individual","male","Johann Maier of ECK [COE] // Johann Maier von Eck [CWE] // Eck, Johann [ALLEN]","egg_an_der_günz_DE_gid_2933168","Eck [Egg] an der Günz bei Ottobeuren/Schwaben","1486","1486-01-01","1","1486","1486-12-31","ingolstadt_DE_gid_2895992","Ingolstadt","1543","1543-02-10","0","1543"
"pirckheimer_willibald_viaf_27173507","individual","male","Willibald PIRCKHEIMER [COE] // Willibald Pirckheimer [CWE] // Pirckheimer, Willibald [ALLEN]","eichstätt_DE_gid_2932069","Eichstätt","1470","1470-12-05","0","1470","1470-12-05","nürnberg_DE_gid_2861650","Nürnberg","1530","1530-12-22","0","1530"
"luther_martin_viaf_14773105","individual","male","Martin LUTHER [COE] // Martin Luther [CWE] // Luther, Martin [ALLEN]","eisleben_lutherstadt_DE_gid_7284571","Eisleben","1483","1483-01-10","0","1483","1483-01-10","eisleben_lutherstadt_DE_gid_7284571","Eisleben","1546","1546-02-18","0","1546"
"lang_johann_viaf_67343955","individual","male","Johann LANG [COE] // Johann Lang [CWE] // Lang, John [ALLEN]","erfurt_DE_gid_2929670","Erfurt","1487","1487-01-01","1","1487","1487-12-31","erfurt_DE_gid_2929670","Erfurt","1548","1548-04-04","0","1548"
"pflug_julius_von_viaf_3265533","individual","male","Julius PFLUG [COE] // Julius Pflug [CWE] // Pflug, Julius [ALLEN]","eythra_DE_gid_2928237","Eytra, near Leipzig","1499","1499-01-01","1","1499","1499-12-31","naumburg_DE_gid_2866906","Naumburg","1564","1564-09-03","0","1564"
"leo_x_pope_viaf_316407579","individual","male","Pope LEO X [COE] // Leo X / Giovanni de' Medici [CWE] // Leo X, Pope [ALLEN]","florence_IT_gid_3176959","Florence","1475","1475-12-11","0","1475","1475-12-11","rome_IT_gid_3169070","Rome","1521","1521-12-01","0","1521"
"capito_wolfgang_viaf_61578502","individual","male","Wolfgang Faber CAPITO [COE] // Wolfgang Capito [CWE] // Capito, Wolfgang Fabricius (Köpfel) [ALLEN]","haguenau_FR_gid_3014078","Hagenau/Elsaß","1478","1478-01-01","1","1478","1478-12-31","strasbourg_FR_gid_2973783","Straßburg","1541","1541-11-02","0","1541"
"hessus_helius_eobanus_viaf_71412338","individual","male","Helius EOBANUS Hessus [COE] // Helius Eobanus Hessus [CWE] // Eobanus, Helius (Hessus) [ALLEN]","halgehausen_DE_gid_2911550","Halgehausen bei Frankenberg/Hessen","1488","1488-01-06","0","1488","1488-01-06","marburg_an_der_lahn_DE_gid_2873759","Marburg/Lahn","1540","1540-10-04","0","1540"
"schweiß_alexander_von_viaf_89934990","individual","male","Alexander SCHWEISS [COE] // Alexander Schweiss [CWE] // Schweiss, Alexander [ALLEN]","herborn_DE_gid_2906199","Herborn, in Hesse","","0000-00-00","1","","0000-00-00","unknown_location_XX_gid_unknown","Unknown","1533","1533-01-01","1","1536"
"lotzer_johann_(1)_viaf_37256989","individual","male","Johann (I) LOTZER [COE] // Johann Lotzer [CWE] // Lotzer, John [ALLEN]","horb_am_neckar_DE_gid_2899101","Horb","","0000-00-00","1","","0000-00-00","unknown_location_XX_gid_unknown","Unknown","","0000-00-00","1",""
"zasius_ulrich_viaf_61645489","individual","male","Udalricus ZASIUS [COE] // Udalricus Zasius [CWE] // Zasius, Ulrich [ALLEN]","konstanz_DE_gid_2885679","Konstanz","1461","1461-01-01","1","1461","1461-12-31","freiburg_DE_gid_2925177","Freiburg im Breisgau","1535","1535-11-24","0","1535"
"bannicius_jacobus_viaf_72207021","individual","male","Jacopo BANNISIO [COE] // Jacopo Bannisio [CWE] // Banisius, Jacobus [ALLEN]","korčula_HR_gid_3197710","Korčula","1466","1466-10-15","0","1466","1466-10-15","unknown_location_XX_gid_unknown","Unknown","1532","1532-11-19","0","1532"
"ziegler_jakob_viaf_15074694","individual","male","Jakob ZIEGLER [COE] // Jakob Ziegler [CWE] // Ziegler, Jakob (Landavus Bavarus) [ALLEN]","landau_an_der_isar_DE_gid_2881650","Landau (Bavaria)","1470","1470-01-01","1","1470","1470-12-31","passau_DE_gid_2855328","Passau","1549","1549-08-01","1","1549"
"rhegius_urbanus_viaf_17232588","individual","male","Urbanus RHEGIUS [COE] // Urbanus Regius [CWE] // Regius, Urbanus (Rieger) [ALLEN]","langenargen_DE_gid_2881263","Langenargen","1489","1489-05-01","1","1489","1489-05-31","celle_DE_gid_2940213","Celle","1541","1541-05-23","0","1541"
"hegendorph_christoph_viaf_54260943","individual","male","Christoph HEGENDORFF [COE] // Christoph Hegendorf [CWE] // Hegendorfer, Christopher [ALLEN]","leipzig_DE_gid_2879139","Leipzig","1500","1500-01-01","1","1500","1500-12-31","lüneburg_DE_gid_2875115","Lüneburg","1540","1540-08-08","0","1540"
"glareanus_henricus_viaf_73950690","individual","male","Henricus GLAREANUS [COE] // Henricus Glareanus [CWE] // Glareanus, Henricus (H. Loriti of Glarus) [ALLEN]","mollis_CH_gid_2659636","Mollis/Glarus","1488","1488-06-01","1","1488","1488-06-30","freiburg_DE_gid_2925177","Freiburg i. Br.","1563","1563-03-27","1","1563"
"venatorius_thomas_viaf_43677502","individual","male","Thomas VENATORIUS [COE] // Thomas Venatorius [CWE] // Venatorius, Thomas [ALLEN]","nürnberg_DE_gid_2861650","Nürnberg","1488","1488-01-01","1","1488","1488-12-31","nürnberg_DE_gid_2861650","Nürnberg","1551","1551-02-04","0","1551"
"gerbel_nicolaus_viaf_60906847","individual","male","Nikolaus GERBEL [COE] // Nikolaus Gerbel [CWE] // Gerbell, Nicholas [ALLEN]","pforzheim_DE_gid_2853969","Pforzheim","1485","1485-01-01","1","1485","1485-12-31","strasbourg_FR_gid_2973783","Straßburg","1560","1560-01-20","0","1560"
"reuchlin_johann_viaf_66542815","individual","male","Johann REUCHLIN [COE] // Johann Reuchlin [CWE] // Reuchlin, Johann (Capnio) [ALLEN]","pforzheim_DE_gid_2853969","Pforzheim","1454","1454-01-29","0","1454","1454-01-29","stuttgart_DE_gid_2825297","Stuttgart","1522","1522-06-30","0","1522"
"erasmus_desiderius_viaf_95982394","individual","male","[Erasmus Desiderius] [COE] // Erasmus [CWE] // Erasmus [ALLEN]","rotterdam_NL_gid_2747891","bei Rotterdam","1469","1469-01-01","1","1469","1469-12-31","basel_CH_gid_2661604","Basel","1536","1536-01-01","1","1536"
"pellicanus_konrad_viaf_41862976","individual","male","Conradus PELLICANUS [COE] // Conradus Pellicanus [CWE] // Pellican, Conrad [ALLEN]","rouffach_FR_gid_2982636","Rufach/Oberelsass","1478","1478-01-08","0","1478","1478-01-08","zürich_CH_gid_2657896","Zürich","1556","1556-04-06","0","1556"
"busche_hermann_von_dem_viaf_27087291","individual","male","Hermannus BUSCHIUS [COE] // Hermann von dem Busche [CWE] // Busch, Hermann [ALLEN]","sassenberg_DE_gid_2841351","Sassenberg bei Warendorf/Westfalen","1468","1468-01-01","1","1468","1468-12-31","dülmen_DE_gid_2934662","Dülmen/Westfalen","1534","1534-04-01","1","1534"
"bucer_martin_viaf_2478527","individual","male","Martin BUCER [COE] // Martin Bucer [CWE] // Bucer, Martin [ALLEN]","sélestat_FR_gid_2975233","Schlettstadt/Elsaß","1491","1491-11-11","0","1491","1491-11-11","cambridge_GB_gid_2653941","Cambridge","1551","1551-02-27","1","1551"
"rhenanus_beatus_viaf_39415982","individual","male","BEATUS Rhenanus [COE] // Beatus Rhenanus [CWE] // Beatus Rhenanus (Beat Bild) [ALLEN]","sélestat_FR_gid_2975233","Sélestat","1485","1485-08-22","0","1485","1485-08-22","strasbourg_FR_gid_2973783","Strasbourg","1547","1547-07-20","0","1547"
"spiegel_jakob_viaf_24846746","individual","male","Jakob SPIEGEL [COE] // Jakob Spiegel [CWE] // Spiegel, James [ALLEN]","sélestat_FR_gid_2975233","Sélestat","1483","1483-01-01","1","1483","1483-12-31","unknown_location_XX_gid_unknown","Unknown","1547","1547-07-01","1",""
"spalatin_georg_viaf_240011410","individual","male","Georgius SPALATINUS [COE] // Georgius Spalatinus [CWE] // Spalatinus, George [ALLEN]","spalt_DE_gid_2830849","Spalt","1484","1484-01-17","0","1484","1484-01-17","altenburg_DE_gid_2957773","Altenburg","1545","1545-01-16","0","1545"
"hutten_ulrich_von_viaf_95193756","individual","male","Ulrich von HUTTEN [COE] // Ulrich von Hutten [CWE] // Hutten, Ulrich von [ALLEN]","steckelberg_castle_DE_gid_unknown","Burg Steckelberg bei Schlüchtern nahe Fulda/Hessen","1488","1488-04-21","0","1488","1488-04-21","ufenau_CH_gid_7669974","Insel Ufenau im Zürichsee","1523","1523-08-20","1","1523"
"huttich_johann_viaf_5722622","individual","male","Johann HUTTICH [COE] // Johann Huttich [CWE] // Huttich, John [ALLEN]","strinz_trinitatis_DE_gid_2825809","Strinz in the Taunus","1490","1490-01-01","1","1490","1490-12-31","strasbourg_FR_gid_2973783","Straßburg","1544","1544-03-04","0","1544"
"frederick_iii_elector_of_saxony_viaf_316392243","individual","male","Frederick III, elector of SAXONY [COE] // Duke / Elector Frederick of Saxony [CWE] // Frederick of Saxony [ALLEN]","torgau_DE_gid_2821807","Torgau","1463","1463-01-17","0","1463","1463-01-17","lochau_DE_gid_2876645","Lochau","1525","1525-05-05","0","1525"
"ricius_paulus_viaf_60018918","individual","male","Paulus RICIUS [COE] // Paulus Ricius [CWE] // Ricius, Paulus (Ritius) [ALLEN]","trento_IT_gid_3165243","Trient","1480","1480-01-01","1","1480","1480-12-31","unknown_location_XX_gid_unknown","Unknown","1541","1541-01-01","1","1541"
"andreis_franjo_trankvil_viaf_22294763","individual","male","Tranquillus ANDRONICUS Parthenius [COE] // Tranquillus Andronicus Parthenius [CWE] // Andronicus, Tranquillus [ALLEN]","trogir_HR_gid_3188763","Trogir","1490","1490-01-01","1","1490","1490-12-31","trogir_HR_gid_3188763","Trogir","1571","1571-01-01","1","1571"
"brassicanus_joannes_alexander_viaf_9899294","individual","male","Johannes Alexander BRASSICANUS [COE] // Johannes Alexander Brassicanus [CWE] // Brassicanus, Joannes Alexander [ALLEN]","tübingen_DE_gid_2820860","Tübingen","1500","1500-01-01","1","1500","1500-12-31","vienna_AT_gid_2761369","Wien","1539","1539-11-27","0","1539"
"mosham_ruprecht_von_viaf_20551741","individual","male","Rudbert von MOSHAM [COE] // Rudbert von Mosham [CWE] // Mosham, Rudbert of (Moshain) [ALLEN]","unknown_location_in_germany_DE_gid_unknown","Unknown","1493","1493-09-24","0","1493","1493-09-24","unknown_location_in_germany_DE_gid_unknown","Unknown, in a prison in Brandenburg","1543","1543-01-01","1","1543"
"neuenar_hermann_graf_von_viaf_18164526","individual","male","Hermann von NEUENAHR [COE] // Hermann, Graf von Neu / Hermann von Neuenahr [CWE] // Neuenahr, Hermann Count of (Neaetius, de Nova Aquila, Nuenarius) [ALLEN]","unknown_location_in_germany_DE_gid_unknown","Unknown","1492","1492-01-01","1","1492","1492-12-31","augsburg_DE_gid_2954172","Augsburg","1530","1530-10-30","0","1530"
"adrian_vi_ pope_ viaf_76430137","individual","male","Pope ADRIAN VI [COE] // Adrian VI [CWE] // Adrian VI, Pope (Adrian of Utrecht) [ALLEN]","utrecht_NL_gid_2745912","Utrecht","1454","1454-03-02","0","1545","1454-03-02","rome_IT_gid_3169070","Rome","1523","1523-09-14","0","1523"
"egnazio_giovanni_battista_viaf_100187526","individual","male","Giambattista EGNAZIO [COE] // Giambattista Egnazio [CWE] // Egnatius, Johannes Baptista [ALLEN]","venice_IT_gid_3164603","Venice","1478","1478-01-01","1","1478","1478-12-31","unknown_location_XX_gid_unknown","Unknown","1553","1553-07-04","0","1553"
"nausea_friedrich_viaf_248203874","individual","male","Fridericus NAUSEA [COE] // Fridericus Nausea [CWE] // Nausea, Fridericus [ALLEN]","waischenfeld_DE_gid_2815297","Waischenfeld","1496","1496-01-01","1","1496","1496-12-31","trento_IT_gid_3165243","Trent","1552","1552-02-06","0","1552"
"balthasar_konstanz_bischof_viaf_42723378","individual","male","Balthasar MERKLIN [COE] // Balthasar Merklin [CWE] // Mercklin, Balthasar [ALLEN]","waldkirch_DE_gid_2814883","Waldkirch, near Freiburg","1479","1479-01-01","1","1479","1479-12-31","trier_DE_gid_2821164","Trier","1531","1531-05-28","0","1531"
"emser_hieronymus_viaf_19702295","individual","male","Hieronymus EMSER [COE] // Hieronymus Emser [CWE] // Emser, Hieronymus [ALLEN]","weidenstetten_DE_gid_2812958","Weidenstetten bei Ulm","1479","1479-03-28","0","1479","1479-03-28","dresden_DE_gid_2935022","Dresden","1527","1527-12-08","0","1527"
"oecolampadius_johann_viaf_56634092","individual","male","Johannes OECOLAMPADIUS [COE] // Johannes Oecolampadius [CWE] // Oecolampadius, Joannes (John Hussgen) [ALLEN]","weinsberg_DE_gid_2812158","Weinsberg","1482","1482-01-01","1","1482","1482-12-31","basel_CH_gid_2661604","Basel","1531","1531-11-22","1","1531"
"cochlæus_johannes_viaf_121589726","individual","male","Johannes COCHLAEUS [COE] // Johannes Cochlaeus [CWE] // Cochlaeus, Joannes (Dobneck) [ALLEN]","wendelstein_DE_gid_2811292","Wendelstein bei Schwabach/Mittelfranken","1479","1479-01-01","1","1479","1479-12-31","wrocław_PL_gid_3081368","Breslau","1552","1552-01-10","0","1552"
"zwingli_ulrich_viaf_71399367","individual","male","Huldrych ZWINGLI [COE] // Huldrych Zwingli [CWE] // Zwingli, Ulrich [ALLEN]","wildhaus_CH_gid_2657988","Wildhaus - St Gallen - Switzerland","1484","1484-01-01","0","1484","1484-01-01","kappel_CH_gid_2660189","Kappel am Albis","1531","1531-10-11","0","1531"
