"correspondents_id","type","gender","viaf_id","name_in_edition","known_name_variations","known_name_variations_ref","pob_loc_id","pob_loc_annotation","pob_loc_annotation_ref","dob_year1","dob_month1","dob_day1","dob_computable1","dob_has_range","dob_year2","dob_month2","dob_day2","dob_computable2","dob_annotion","dob_annotion_ref","pod_loc_id","pod_loc_annotation","pod_loc_annotation_ref","dod_year1","dod_month1","dod_day1","dod_computable1","dod_has_range","dod_year2","dod_month2","dod_day2","dod_computable2","dod_annotion","dod_annotion_ref","further_annotation"
"auerbach_heinrich_viaf_69872391","individual","male","69872391","Heinrich STROMER [COE] // Heinrich Stromer [CWE] // Stromer, Henry [ALLEN]","Stromerus // Auerbachius // Auerbach","GND","auerbach_DE_gid_2954603","Auerbach","COE III, 291-292","1482","","","1482-01-01","1","1482","","","1482-12-31","1482","COE III, 291-292","leipzig_DE_gid_2879139","Leipzig","COE III, 291-292","1542","11","26","1541-11-26","0","1542","11","26","1541-11-26","26 November 1542","COE III, 291-292",""
"peutinger_konrad_viaf_56776766","individual","male","56776766","Konrad PEUTINGER [COE] // Konrad Peutinger [CWE] // Peutinger, Conrad [ALLEN]","Peutingerus // Beyttinger // Peuthinerus // Pytingerus","GND","augsburg_DE_gid_2954172","Ausgburg","COE III, 74-76","1465","10","15","1465-10-15","0","1465","10","15","1465-10-15","15 October 1465","COE III, 74-76","augsburg_DE_gid_2954172","Augsburg","COE III, 74-76","1547","10","28","1547-10-28","0","1547","10","28","1547-10-28","28 October 1547","COE III, 74-76",""
"camerarius_joachim_viaf_2495607","individual","male","2495607","Joachim CAMERARIUS [COE] // Joachim Camerarius [CWE] // Camerarius, Joachim the elder [ALLEN]","Joachim Camerarius der Ältere // Liebhard // Camerary // Kamerariades // Kammermeister // Camermeister // Kämmerer","GND // COE I, 247-248 // HGK I, 158","bamberg_DE_gid_2952984","Bamberg","HGK I, 158","1500","04","12","1500-04-12","0","1500","04","12","1500-04-12","12 April 1500","COE I, 247-248","leipzig_DE_gid_2879139","Leipzig","HGK I, 158","1574","04","17","1574-04-17","0","1574","04","17","1574-04-17","17 April 1574","COE I, 247-248",""
"melanchthon_philipp_viaf_76319978","individual","male","76319978","Philippus MELANCHTHON [COE] // Philippus Melanchthon [CWE] // Melanchthon, Philip [ALLEN]","Didymus Faventinus // Theophilus Neocomensis // Schwartzerd // Schwarzerd // Schwarzert // Schwarzerdt","GND","bretten_DE_gid_2944200","Bretten","COE II, 424-429","1497","02","16","1497-02-16","0","1497","02","16","1497-02-16","16 February 1497","COE II, 424-429","wittenberg_DE_gid_7303020","Wittenberg","COE II, 424-429","1560","04","19","1560-04-19","0","1560","04","19","1560-04-19","19 April 1560","COE II, 424-429",""
"pirckheimer_willibald_viaf_27173507","individual","male","27173507","Willibald PIRCKHEIMER [COE] // Willibald Pirckheimer [CWE] // Pirckheimer, Willibald [ALLEN]","Philadelphus // Cotta // Cottalambergius // Cottalembergius // Cotta Lembergius // Pirckheimer // Byrkhamer // Pirkeymerus // Pyrckheimerus // Pyrkheymerus // Birgheimerus // Birgheimer // Pirckheymer // Birckheimer // Pirckheimerus // Pirkheimer // Pirchaimerus // Pirckeymer // Bircamer // Birchheimer // Pirkheymer // Pirkamerus // Pirkeymer // Bircamerus // Birckhaimer // Pircheimerus // Pirckeymerus // Pirckeymherus // Pirckheymerus // Birckheymerus // Pircheymerus // Pirckheimherus // Pirckh","GND","eichstätt_DE_gid_2932069","Eichstätt","COE III, 90-94","1470","12","05","1470-12-05","0","1470","12","05","1470-12-05","5 December 1470","COE III, 90-94","nürnberg_DE_gid_2861650","Nürnberg","COE III, 90-94","1530","12","22","1530-12-22","0","1530","12","22","1530-12-22","22 December 1530","COE III, 90-94",""
"erasmus_desiderius_viaf_95982394","individual","male","95982394","[Erasmus Desiderius] [COE] // Erasmus [CWE] // Erasmus [ALLEN]","","","rotterdam_NL_gid_2747891","bei Rotterdam","HGK I, 250","1469","","","1469-01-01","1","1469","","","1469-12-31","1469","HGK I, 250","basel_CH_gid_2661604","Basel","HGK I, 250","1536","","","1536-01-01","1","1536","","","1536-12-31","1536","HGK I 250",""
"pellicanus_konrad_viaf_41862976","individual","male","41862976","Conradus PELLICANUS [COE] // Conradus Pellicanus [CWE] // Pellican, Conrad [ALLEN]","Pellican // Pelicanus // Pellikan // Pelican // Pelikaan // Pilicanus // Kürsner // Kürschner // Kurscherer","GND","rouffach_FR_gid_2982636","Rufach/Oberelsass","Deutsche Biographie","1478","01","08","1478-01-08","0","1478","01","08","1478-01-08","8 January 1478","COE III, 65-66","zürich_CH_gid_2657896","Zürich","Deutsche Biographie","1556","04","06","1556-04-06","0","1556","04","06","1556-04-06","6 April 1556","COE III, 65-66",""
"huttich_johann_viaf_5722622","individual","male","5722622","Johann HUTTICH [COE] // Johann Huttich [CWE] // Huttich, John [ALLEN]","Eutychius // Huttichius // Hutichius // Huthichius","COE II, 220-221 // GND","strinz_trinitatis_DE_gid_2825809","Strinz in the Taunus","COE II, 220-221","1490","","","1490-01-01","1","1490","","","1490-12-31","ca. 1490","Reuchlin BW Leseausgabe Bd.IV, 229","strasbourg_FR_gid_2973783","Straßburg","GND","1544","03","04","1544-03-04","0","1544","03","04","1544-03-04","4 March 1544","COE II, 220-221",""
"emser_hieronymus_viaf_19702295","individual","male","19702295","Hieronymus EMSER [COE] // Hieronymus Emser [CWE] // Emser, Hieronymus [ALLEN]","Emßer // Embser // Empse // Emsser","GND","weidenstetten_DE_gid_2812958","Weidenstetten bei Ulm","HGK I, 246","1479","03","28","1479-03-28","0","1479","03","28","1479-03-28","28 March 1479","COE I, 429-430","dresden_DE_gid_2935022","Dresden","HGK I, 246","1527","12","08","1527-12-08","0","1527","12","08","1527-12-08","8 December 1527","COE I, 429-430","HGK I gibt abweichend 1478 als DoB an"
"oecolampadius_johann_viaf_56634092","individual","male","56634092","Johannes OECOLAMPADIUS [COE] // Johannes Oecolampadius [CWE] // Oecolampadius, Joannes (John Hussgen) [ALLEN]","Oecolampadius // Ökolampadius // Heussgen // Hausschein // Haußschein // Hußschin // Oecolampade // Oecolompadius // Ocolampadius // Oecolamp. // Oekolampad // Hussgen // Husschin // Hußschyn // Oekolampadius // Icolampadius // Ecolampadius // Decolampadios // Ecolampade // Huszgen // Ecolampadio","GND","weinsberg_DE_gid_2812158","Weinsberg","COE III, 24-27","1482","","","1482-01-01","1","1482","","","1482-12-31","1482","COE III, 24-27","basel_CH_gid_2661604","Basel","COE III, 24-27","1531","11","22","1531-11-22","1","1531","11","23","1531-11-23","22/3 November 1531","COE III, 24-27",""
"cochlæus_johannes_viaf_121589726","individual","male","121589726","Johannes COCHLAEUS [COE] // Johannes Cochlaeus [CWE] // Cochlaeus, Joannes (Dobneck) [ALLEN]","Dobnek // Cocleus // Cochleus // Cochläus // Dobeneck // Dobenek Wendelstenius","GND","wendelstein_DE_gid_2811292","Wendelstein bei Schwabach/Mittelfranken","HGK I, 189","1479","","","1479-01-01","1","1479","","","1479-12-31","1479","HGK I, 189","wrocław_PL_gid_3081368","Breslau","HGK I, 189","1552","01","10","1552-01-10","0","1552","01","10","1552-01-10","10 January 1552","COE I, 321-322",""
"egnazio_giovanni_battista_viaf_100187526","individual","male","100187526","Giambattista EGNAZIO [COE] // Giambattista Egnazio [CWE] // Egnatius, Johannes Baptista [ALLEN]","Cipelli // Cipolles // Aegnatius // Egnatius // Egnace // Egnatio","GND","venice_IT_gid_3164603","Venice","COE I, 424-425","1478","","","1478-01-01","1","1478","","","1478-12-31","1478","COE I, 424-425","unknown_location_XX_gid_unknown","Unknown","COE I, 424-425","1553","07","04","1553-07-04","0","1553","07","04","1553-07-04","4 July 1553","COE I, 424-425",""
"nausea_friedrich_viaf_248203874","individual","male","248203874","Fridericus NAUSEA [COE] // Fridericus Nausea [CWE] // Nausea, Fridericus [ALLEN]","Blancicampianus // Grau // Grawe // Graf // Philalethus Eusebianus","GND","waischenfeld_DE_gid_2815297","Waischenfeld","COE III, 7-8","1496","","","1496-01-01","1","1496","","","1496-12-31","c 1496","CERL Thesaurus","trento_IT_gid_3165243","Trent","COE III, 7-8","1552","02","06","1552-02-06","0","1552","02","06","1552-02-06","6 February 1552","COE III, 7-8",""
